customer_id,annual_income,credit_score,debt_to_income,loan_amount,employment_years,missed_payments,num_credit_accounts,collateral_value,mobile_recharge_regularity,upi_txn_per_month,ecom_prepaid_ratio,bounced_transactions,salary_credit_regularity,default
1001,2369110,563,0.27,729892,25.0,9,7,1314870.0,0.98,32,0.55,4,0.62,1
1002,2379084,717,0.11,1751591,13.0,5,2,2903007.0,0.58,7,0.75,1,0.6,0
1003,1842743,395,0.87,1686091,12.0,1,14,554280.0,0.55,24,0.78,2,0.29,1
1004,260268,387,0.46,710327,26.0,1,6,1945548.0,0.33,45,0.32,3,0.68,1
1005,882180,377,0.81,1707153,3.0,4,1,2212292.0,0.73,8,0.72,6,0.79,1
1006,2384489,587,0.32,201094,6.0,4,7,175993.0,0.11,33,0.66,4,,1
1007,1720006,419,0.16,1535255,21.0,6,9,1694089.0,0.14,56,0.96,4,0.53,0
1008,2153274,790,0.45,780031,9.0,1,5,2950501.0,0.64,22,0.93,2,0.1,0
1009,1286074,751,0.15,842154,6.0,6,5,1384410.0,0.41,4,0.79,3,0.87,1
1010,2422355,799,0.46,1781349,20.0,4,4,1344955.0,0.96,54,0.72,5,0.51,1
1011,1389911,464,0.83,917482,,5,3,,0.91,24,0.27,6,0.81,1
1012,428167,481,0.49,1601224,14.0,7,9,1591986.0,0.74,7,0.85,4,0.37,1
1013,2288242,768,0.57,1856684,3.0,9,5,286100.0,0.84,15,0.43,4,,1
1014,479365,306,0.18,1859858,22.0,3,8,63879.0,,53,0.27,5,0.04,1
1015,937201,629,0.09,529083,22.0,6,9,2680000.0,0.21,47,0.38,6,0.28,1
1016,1520455,450,0.14,1444316,,5,5,2048880.0,0.79,44,0.84,1,0.24,0
1017,1916891,384,0.56,1951740,23.0,9,10,2469606.0,0.29,51,0.15,1,0.56,1
1018,477069,446,0.13,1504089,19.0,1,9,724045.0,0.39,14,0.46,7,0.02,1
1019,1975573,680,0.37,118323,25.0,7,2,1045533.0,0.84,0,0.49,7,0.52,1
1020,941743,847,0.52,1384536,4.0,9,9,1285844.0,0.58,21,0.04,0,0.39,0
1021,253355,584,0.38,1663559,19.0,8,11,479280.0,0.87,2,0.2,2,0.58,1
1022,1412752,381,0.19,1511494,11.0,4,4,1556232.0,0.29,37,0.83,3,0.7,1
1023,2431931,813,0.28,468458,0.0,9,6,787600.0,0.65,53,0.83,4,,1
1024,1546025,822,0.84,1154417,27.0,3,6,307268.0,0.18,13,0.29,6,0.98,1
1025,1620485,685,0.62,440642,,5,6,2767544.0,,35,0.87,4,0.14,1
1026,1139436,770,0.47,248784,0.0,7,2,1363517.0,,17,0.77,7,0.43,1
1027,1457371,418,0.06,157096,4.0,2,7,1485619.0,0.63,46,0.42,0,0.42,1
1028,1067040,695,0.89,1191340,30.0,9,13,1838524.0,0.34,40,,6,0.42,1
1029,1698762,831,0.62,496790,21.0,0,6,,0.13,17,0.96,6,0.66,1
1030,2403882,560,0.32,660032,5.0,3,11,2651813.0,0.21,2,0.46,4,0.49,1
1031,2069486,555,0.8,864914,28.0,3,14,122026.0,0.66,9,0.24,2,0.52,1
1032,804811,525,0.27,1632035,20.0,0,1,927890.0,0.94,48,0.94,0,0.43,0
1033,677035,352,0.51,1723619,2.0,8,2,1281507.0,0.29,38,0.6,2,0.99,1
1034,798143,799,0.59,1590724,14.0,2,7,1768753.0,0.76,46,0.11,0,0.93,0
1035,1650942,805,0.24,1730989,4.0,4,1,,0.88,0,0.57,4,0.31,1
1036,215725,663,0.88,418226,27.0,5,1,735053.0,0.57,26,0.5,0,0.11,1
1037,234654,579,0.69,1102272,23.0,7,1,562167.0,,56,0.86,1,0.84,1
1038,1103277,457,0.52,176310,13.0,5,8,311741.0,0.83,26,0.53,6,1.0,1
1039,2104354,358,0.2,725673,17.0,2,4,956636.0,0.33,10,0.26,3,0.29,1
1040,678178,427,0.1,855581,,5,4,3626.0,0.37,48,0.68,4,,1
1041,1455416,414,0.32,1938529,5.0,0,13,1658800.0,0.1,4,,5,0.94,1
1042,1615689,508,0.69,1144316,24.0,3,2,1543971.0,0.97,6,0.23,3,0.71,1
1043,218148,825,0.28,156611,,5,11,1807737.0,0.93,18,0.57,4,0.3,1
1044,1975665,820,0.51,448172,13.0,6,11,2305289.0,0.79,56,0.82,3,0.58,1
1045,406508,536,0.67,518947,26.0,9,11,2844472.0,0.17,55,0.03,1,0.94,1
1046,953591,580,0.14,525828,23.0,2,1,1627008.0,0.5,28,0.63,3,0.81,0
1047,1046942,658,0.63,823210,7.0,8,12,144454.0,0.19,14,0.35,0,0.74,1
1048,2353682,500,0.13,378785,30.0,6,10,436442.0,,34,0.29,7,0.74,1
1049,754365,577,0.87,1686675,28.0,0,9,254043.0,0.65,46,0.39,3,0.18,1
1050,2020928,534,0.47,495376,6.0,1,7,643198.0,0.96,36,0.34,4,0.82,1
1051,1923415,793,0.18,756673,7.0,0,4,2560079.0,0.91,54,0.83,5,0.28,0
1052,2205555,303,0.34,1686096,12.0,8,12,620343.0,0.73,11,0.27,5,0.93,1
1053,955889,741,0.4,851849,5.0,8,6,1436909.0,0.19,29,0.73,7,0.36,1
1054,1658349,328,0.69,1778665,17.0,6,14,730070.0,0.35,19,,2,0.86,1
1055,2455413,408,0.68,1211068,1.0,9,2,2904979.0,0.39,36,0.95,7,0.27,1
1056,1513715,374,0.57,1128675,7.0,2,7,1845733.0,0.79,2,0.62,6,0.51,1
1057,1370405,445,0.14,1085891,10.0,4,2,1606325.0,0.82,8,,3,0.11,1
1058,421836,427,0.18,803494,,3,10,110084.0,0.45,57,0.3,5,0.66,1
1059,2245505,341,0.13,473177,21.0,6,8,1014391.0,0.48,40,,7,0.84,1
1060,2449435,655,0.54,692762,28.0,8,8,2443028.0,0.14,38,,3,0.72,1
1061,346769,340,0.8,1369976,,1,1,,0.36,25,0.93,6,0.52,1
1062,1421741,333,0.42,1577912,15.0,7,13,1390277.0,0.51,1,0.49,5,0.05,1
1063,1196797,316,0.19,817876,26.0,8,8,2954844.0,0.21,22,0.63,6,0.93,1
1064,1734398,452,0.52,1657545,19.0,9,2,1732626.0,0.51,22,0.73,3,0.71,1
1065,714685,677,0.74,1189904,11.0,9,6,2884991.0,0.87,58,,4,0.75,1
1066,1552107,641,0.68,1841376,10.0,8,13,73568.0,0.62,20,0.72,3,0.79,1
1067,1461736,326,0.8,1032293,28.0,9,1,,0.17,15,0.68,7,0.75,1
1068,1157293,586,0.29,355505,30.0,6,5,1199529.0,0.27,8,0.71,6,0.44,1
1069,729879,467,0.21,1556295,26.0,8,11,1790228.0,0.53,12,0.49,4,0.73,1
1070,173247,567,0.8,1133116,28.0,8,7,,0.43,27,0.38,4,0.63,1
1071,1222876,754,0.61,1256184,9.0,2,13,2323176.0,0.42,26,0.22,2,0.85,0
1072,1472905,700,0.31,1183276,2.0,3,10,1229351.0,,50,0.82,5,0.8,0
1073,1917640,775,0.68,1030547,12.0,1,1,961858.0,0.63,51,0.61,0,0.04,0
1074,1435160,429,0.74,390676,26.0,9,2,2188440.0,0.82,16,0.44,4,0.38,1
1075,1760908,662,0.57,1810511,2.0,2,7,,0.41,37,0.94,6,0.03,0
1076,2036222,591,0.63,439770,30.0,4,6,1429740.0,0.82,35,0.05,5,0.1,1
1077,1128732,670,0.37,1494663,14.0,4,3,2982885.0,0.4,0,0.85,1,0.6,0
1078,1575472,328,0.51,96002,15.0,5,14,1822700.0,0.15,17,1.0,3,0.87,1
1079,198984,448,0.5,1148388,28.0,6,10,14390.0,0.6,50,0.89,7,0.12,1
1080,1654384,595,0.77,465842,12.0,6,2,,0.63,8,0.81,6,0.45,1
1081,2183643,310,0.76,765339,16.0,0,10,218547.0,0.94,12,,1,0.91,1
1082,2380919,811,0.76,1356482,2.0,1,4,551595.0,0.75,39,0.23,6,0.81,1
1083,1902126,412,0.06,1207522,19.0,8,3,227436.0,0.93,54,,3,0.52,1
1084,286330,486,0.69,1165244,10.0,9,7,2322273.0,0.92,44,0.3,2,0.77,1
1085,1887095,526,0.69,149003,26.0,1,8,2084820.0,,14,0.18,6,0.52,1
1086,2261138,609,0.63,1834006,20.0,5,2,2348215.0,0.57,42,0.79,4,0.16,1
1087,736146,397,0.69,270462,18.0,0,10,1595350.0,0.6,43,0.31,0,0.12,1
1088,2259818,354,0.77,1928006,21.0,2,7,,,45,0.91,4,0.19,1
1089,2381785,705,0.45,769174,10.0,1,8,2325452.0,0.8,3,0.84,3,0.35,0
1090,438998,368,0.48,678889,29.0,2,6,2201072.0,0.2,32,0.85,6,0.93,1
1091,1993400,611,0.16,319956,30.0,4,6,1785430.0,0.8,23,0.77,0,0.8,0
1092,1229111,588,0.38,111844,27.0,9,10,1018056.0,0.25,35,0.88,4,,1
1093,1146107,847,0.6,1824029,15.0,5,1,1393488.0,0.5,50,0.81,0,0.49,0
1094,501279,447,0.71,445395,,8,4,928252.0,,40,0.6,7,0.27,1
1095,2020230,766,0.23,1797734,2.0,9,14,587073.0,0.72,9,0.3,3,0.7,1
1096,639570,543,0.17,1173177,21.0,3,1,600338.0,0.89,35,0.89,2,0.8,1
1097,2200731,790,0.61,975779,5.0,6,4,547026.0,0.36,19,0.84,2,0.24,1
1098,1471685,806,0.05,360001,30.0,5,2,74231.0,0.17,40,0.47,6,,1
1099,2271690,664,0.2,437699,13.0,1,11,2170758.0,,44,,4,0.62,0
1100,2448816,781,0.07,1593276,23.0,9,13,1352382.0,0.71,43,0.64,1,0.56,0
1101,641234,500,0.19,1381420,17.0,7,5,1850131.0,0.4,10,,3,0.4,1
1102,2098260,453,0.2,1880791,16.0,6,10,493896.0,0.35,11,0.93,4,,1
1103,289182,749,0.38,482680,3.0,6,14,,0.27,17,0.96,4,,1
1104,1671101,800,0.39,1271999,22.0,7,9,2593050.0,0.55,29,0.19,2,0.25,0
1105,1356914,372,0.79,143330,14.0,0,11,2259555.0,0.35,43,0.68,6,0.4,1
1106,334064,595,0.48,275391,10.0,0,12,2798610.0,0.76,47,0.09,0,0.43,0
1107,364020,316,0.66,263606,25.0,7,10,1080132.0,,36,0.73,3,0.88,1
1108,2122990,516,0.14,457085,2.0,3,3,1307046.0,0.7,19,0.35,7,0.96,1
1109,1047421,360,0.24,241387,2.0,4,8,1725812.0,0.31,24,0.68,0,0.89,1
1110,1844490,341,0.65,1339709,15.0,7,3,576250.0,0.54,11,0.37,5,0.72,0
1111,1317752,324,0.09,1585480,,4,6,1662918.0,0.36,20,0.15,5,0.58,1
1112,2466121,338,0.46,464170,20.0,9,4,517200.0,0.75,24,0.41,3,0.69,1
1113,272409,430,0.56,736915,28.0,3,8,1596963.0,0.95,10,0.11,6,0.94,1
1114,2166716,797,0.56,1424073,9.0,5,11,1284519.0,0.93,8,0.58,1,0.25,0
1115,919598,528,0.07,1573982,18.0,4,6,930220.0,0.63,49,0.04,5,0.54,1
1116,1248591,407,0.32,488242,24.0,6,8,183683.0,0.52,24,0.53,2,,1
1117,1024371,471,0.59,412916,3.0,9,1,1363864.0,0.84,34,0.89,1,0.68,1
1118,1609933,734,0.18,228048,,6,6,532125.0,0.71,51,0.84,4,0.25,1
1119,1304454,777,0.64,1048082,28.0,3,1,,0.27,31,0.88,5,0.59,0
1120,1123548,401,0.68,1452222,30.0,4,1,1226947.0,0.84,48,,2,0.8,1
1121,1363475,823,0.88,1474663,18.0,2,8,1960220.0,,13,0.1,4,0.48,1
1122,2171900,574,0.23,421994,10.0,3,7,772291.0,0.27,0,0.13,1,0.79,1
1123,1149238,343,0.75,1667959,1.0,3,3,1033879.0,0.35,16,,3,0.36,1
1124,2078434,316,0.49,1243918,9.0,2,6,2723853.0,,24,,4,0.94,0
1125,529989,629,0.37,736268,28.0,9,9,2148164.0,0.57,58,0.97,0,0.53,0
1126,193585,796,0.15,851955,10.0,4,7,2227345.0,,7,0.05,3,0.6,1
1127,1569945,311,0.68,1161009,24.0,4,12,218168.0,0.21,4,0.36,3,0.03,1
1128,2311196,617,0.25,594279,19.0,6,3,148178.0,0.21,4,0.21,1,0.17,0
1129,259556,515,0.37,322919,15.0,3,14,58123.0,0.62,40,,1,0.63,1
1130,1725557,638,0.1,1569593,18.0,3,14,2208977.0,0.76,34,,2,0.42,0
1131,2211083,380,0.73,397139,22.0,8,13,1217309.0,,18,0.12,2,0.51,1
1132,350235,784,0.7,1028754,,5,6,2867543.0,0.13,22,0.48,0,0.06,1
1133,2273091,673,0.67,197745,10.0,3,11,,0.21,8,0.69,3,0.83,1
1134,2159021,499,0.3,1745672,13.0,1,4,938624.0,,53,0.78,7,0.78,1
1135,1351482,836,0.2,1780992,1.0,5,14,1199438.0,0.54,29,0.02,6,0.19,1
1136,692335,765,0.59,187686,22.0,1,13,2680095.0,0.51,49,0.89,0,0.63,0
1137,225766,388,0.47,1105991,27.0,4,3,715003.0,0.13,15,0.57,0,0.82,1
1138,1851240,567,0.2,1868902,4.0,5,9,1666312.0,0.76,32,0.81,6,0.64,1
1139,1134346,788,0.63,1535676,30.0,3,10,2275598.0,0.58,1,0.81,6,0.31,1
1140,1653165,837,0.89,1005230,26.0,2,2,698267.0,0.28,13,,6,0.66,0
1141,2385000,346,0.69,1877069,4.0,6,1,296956.0,0.2,45,0.11,1,0.21,1
1142,277948,587,0.68,1397764,18.0,1,14,836002.0,0.45,0,0.72,0,0.32,1
1143,1777880,315,0.86,1811085,20.0,5,2,1361621.0,0.85,25,0.16,0,0.24,1
1144,552690,700,0.22,1267192,11.0,3,7,1170642.0,0.88,57,0.85,4,0.56,1
1145,649046,385,0.53,99976,17.0,5,10,390508.0,0.64,24,0.73,6,0.11,1
1146,171959,549,0.88,475468,3.0,3,1,1754187.0,0.75,15,0.84,6,0.93,1
1147,1948792,690,0.19,315976,21.0,3,6,1769107.0,0.2,14,0.3,2,0.33,0
1148,2104109,634,0.65,1320459,16.0,3,14,36160.0,0.63,25,0.32,2,0.22,0
1149,1988756,818,0.55,261509,9.0,8,7,19156.0,0.7,46,0.67,3,0.5,1
1150,378576,436,0.55,1595541,19.0,6,9,2570348.0,0.28,43,0.03,2,0.28,1
1151,2412990,797,0.64,1919156,5.0,2,14,,0.89,15,0.73,5,0.53,1
1152,1534250,776,0.84,1862105,24.0,2,8,2770441.0,0.28,13,0.84,3,0.35,0
1153,211087,522,0.72,1617399,13.0,5,6,459822.0,0.38,28,0.42,7,0.13,1
1154,1163343,671,0.1,269526,10.0,5,3,1279802.0,0.66,23,0.76,6,0.27,1
1155,2232263,701,0.77,1997238,10.0,3,8,1814630.0,0.67,46,0.17,4,0.44,1
1156,2365603,742,0.24,1445796,28.0,8,7,1510267.0,0.73,54,0.32,2,0.03,0
1157,1646176,789,0.37,1044620,17.0,3,3,719701.0,0.2,14,0.97,4,0.77,0
1158,2036013,572,0.44,1923410,26.0,8,9,881809.0,0.86,18,0.99,2,0.62,1
1159,589792,825,0.46,1811663,22.0,3,12,305007.0,,7,0.51,2,0.6,1
1160,189353,458,0.42,88578,,1,2,,0.52,33,0.93,4,0.55,1
1161,2440227,451,0.85,664741,17.0,1,3,2162591.0,,1,0.52,0,0.59,1
1162,215318,487,0.65,1514110,23.0,4,2,645649.0,0.77,26,0.29,0,0.93,1
1163,915313,397,0.59,912147,22.0,3,13,212986.0,0.21,9,0.27,0,0.01,1
1164,1681266,430,0.09,258859,,6,1,1931184.0,0.78,34,,5,0.05,1
1165,566880,470,0.82,161435,20.0,4,4,29777.0,0.19,22,0.17,0,0.19,1
1166,920746,482,0.82,790389,11.0,5,5,420661.0,0.12,48,0.58,2,0.17,1
1167,963168,663,0.71,1250114,,9,13,198110.0,0.46,7,0.56,6,0.18,1
1168,375281,338,0.06,1980750,22.0,3,6,1033981.0,0.99,27,0.74,1,,1
1169,1550804,826,0.1,95475,8.0,1,5,414627.0,0.26,22,0.5,4,0.46,0
1170,1630415,796,0.24,896574,26.0,9,1,2803089.0,0.71,3,0.27,6,0.99,1
1171,419536,815,0.16,1839096,30.0,8,3,2375163.0,0.26,13,0.17,1,0.23,0
1172,1456002,648,0.39,1256212,24.0,9,1,690568.0,0.75,52,0.62,6,0.31,1
1173,327789,696,0.83,1252060,8.0,6,11,1694408.0,0.55,41,0.72,5,0.98,1
1174,1711729,460,0.45,1192102,21.0,3,5,1711303.0,0.71,28,0.57,1,,1
1175,987291,315,0.06,1149577,9.0,2,5,559650.0,0.28,0,0.74,7,0.47,1
1176,2372809,792,0.29,894081,21.0,9,12,,0.77,3,0.14,3,0.55,1
1177,1433743,725,0.09,242029,18.0,2,11,2410884.0,1.0,31,0.88,0,0.84,0
1178,831669,407,0.08,478733,0.0,8,13,1217933.0,0.7,32,0.58,7,0.48,1
1179,1269043,749,0.28,718516,6.0,4,6,1699547.0,0.54,48,0.13,5,0.21,1
1180,2356903,610,0.28,990568,3.0,2,8,2877597.0,0.93,25,0.46,6,0.83,0
1181,1579626,469,0.72,1648575,0.0,4,10,205827.0,,16,0.84,2,0.54,0
1182,1891093,845,0.88,1652970,14.0,1,12,,0.76,38,0.9,0,0.15,0
1183,2168163,713,0.37,1950466,7.0,3,1,342424.0,0.9,22,0.26,7,0.51,1
1184,256081,550,0.41,1581064,11.0,9,4,1461659.0,0.16,31,0.71,0,0.41,1
1185,1811909,440,0.77,1491149,21.0,1,10,2940107.0,0.51,51,0.1,1,0.88,1
1186,260078,573,0.28,267583,21.0,1,11,2050241.0,0.28,14,0.03,3,0.13,1
1187,2065631,715,0.18,413898,17.0,7,1,740045.0,0.61,12,0.56,0,0.88,0
1188,2269823,338,0.78,188286,14.0,0,9,1156245.0,0.68,59,0.69,6,0.51,1
1189,1616976,328,0.09,277189,16.0,6,11,732318.0,0.37,1,0.8,6,0.4,1
1190,1554104,776,0.58,1225055,28.0,4,7,158998.0,0.51,59,0.34,4,0.16,1
1191,2158187,617,0.53,1518919,13.0,7,7,1676079.0,0.35,18,0.01,4,0.7,1
1192,1809066,544,0.34,1234789,13.0,0,12,622995.0,0.43,23,0.48,0,0.93,0
1193,2298815,571,0.32,603172,17.0,6,5,2003011.0,0.24,44,0.02,1,0.38,1
1194,461955,739,0.71,1363428,19.0,4,7,1990094.0,0.9,23,0.09,1,0.24,1
1195,2359699,538,0.12,854807,17.0,3,12,2342999.0,0.11,10,0.33,2,0.55,1
1196,1060681,676,0.25,1637952,15.0,6,2,1276120.0,0.89,58,0.44,5,0.8,1
1197,1757618,565,0.67,1418335,0.0,9,14,976006.0,0.61,21,0.28,5,0.0,1
1198,292483,658,0.52,1470858,22.0,1,13,874168.0,0.4,14,0.58,7,0.63,1
1199,2183350,639,0.16,1798982,26.0,0,4,267614.0,0.75,9,0.06,5,0.6,0
1200,2461987,688,0.8,322158,10.0,0,14,1194601.0,0.56,40,0.14,3,0.32,1
1201,551896,302,0.38,1818361,14.0,0,14,1808516.0,0.55,26,0.7,1,0.45,1
1202,2332048,728,0.75,1495065,11.0,4,7,956011.0,0.2,59,0.14,2,0.25,1
1203,627095,441,0.72,752495,7.0,9,3,792955.0,0.45,8,0.64,4,0.79,1
1204,221295,675,0.58,1463562,,6,2,1266571.0,0.32,51,0.05,6,0.63,1
1205,893974,623,0.47,1588814,19.0,1,10,1761126.0,0.11,27,0.41,5,0.53,0
1206,1037121,445,0.88,128077,29.0,9,2,293313.0,0.42,0,0.18,4,0.39,1
1207,1206731,592,0.17,1238360,5.0,7,13,1618505.0,0.18,16,,4,0.29,1
1208,975816,731,0.67,1304352,,3,1,154062.0,0.33,30,0.57,0,0.82,1
1209,524705,698,0.21,365018,27.0,2,5,1602525.0,0.18,43,0.93,3,0.45,0
1210,2006926,643,0.34,119087,23.0,9,12,1717355.0,0.19,9,0.05,2,0.5,0
1211,1808845,439,0.31,1897305,,7,6,854032.0,0.28,36,0.42,3,0.52,1
1212,2176793,486,0.85,1863205,29.0,1,6,1676483.0,1.0,28,0.71,0,0.45,1
1213,704594,360,0.87,863560,12.0,2,9,2654525.0,0.1,17,0.46,2,,1
1214,297718,679,0.21,1691232,,2,4,706014.0,0.67,46,0.81,2,,0
1215,795263,739,0.07,793859,1.0,9,1,1447922.0,0.23,37,0.18,1,0.1,0
1216,2354664,618,0.66,1439678,4.0,0,6,133114.0,0.93,38,0.96,3,0.76,1
1217,297443,601,0.41,345064,16.0,5,5,2953718.0,0.18,48,0.39,3,0.22,1
1218,1669163,643,0.13,301514,5.0,1,10,491638.0,0.96,5,0.34,1,0.06,0
1219,523616,310,0.63,978660,1.0,0,6,2654917.0,0.65,39,0.87,7,0.8,1
1220,836976,361,0.51,192180,3.0,1,3,1887717.0,0.1,11,0.56,4,0.15,1
1221,1564447,525,0.88,834192,21.0,5,2,684076.0,0.9,52,0.52,0,0.63,1
1222,267796,452,0.24,485928,25.0,3,6,1388857.0,0.57,13,0.73,3,0.34,1
1223,1391082,609,0.39,970114,10.0,5,13,139133.0,0.34,43,0.58,1,0.13,0
1224,1140198,542,0.51,651891,7.0,8,1,2862862.0,0.79,54,,6,0.41,1
1225,848376,792,0.72,1132448,11.0,9,7,345165.0,,9,0.67,7,0.01,1
1226,848002,665,0.52,1371448,7.0,9,7,1462597.0,0.54,53,0.13,2,0.84,0
1227,1738015,629,0.57,407246,10.0,7,10,270001.0,0.38,19,0.81,5,0.51,1
1228,1729159,406,0.24,1587111,21.0,0,13,1715556.0,0.81,14,0.99,6,0.14,1
1229,1057317,525,0.77,1482769,19.0,7,7,1581041.0,0.71,30,0.38,1,0.24,1
1230,471184,517,0.41,1905591,7.0,8,12,423327.0,0.9,6,0.44,5,0.45,1
1231,1997191,805,0.17,135774,28.0,5,11,1399298.0,0.72,57,0.05,4,0.19,1
1232,1621091,558,0.61,438518,7.0,9,10,1662805.0,0.32,40,0.01,0,0.27,1
1233,818234,816,0.23,1297098,25.0,4,1,782409.0,0.94,9,0.92,5,0.53,1
1234,528480,353,0.13,1318933,29.0,5,4,1717826.0,0.19,9,0.13,7,0.83,1
1235,2279863,346,0.78,462672,16.0,5,13,,0.34,47,0.45,4,0.4,1
1236,941971,820,0.44,1976126,19.0,8,7,650332.0,0.57,38,0.82,5,0.72,1
1237,651157,398,0.69,1164518,19.0,3,11,713391.0,,27,0.89,2,,1
1238,334423,319,0.3,587977,22.0,1,9,,,29,0.52,2,0.22,1
1239,1902290,789,0.72,1656140,15.0,8,5,505350.0,0.8,36,0.57,7,0.81,1
1240,1062495,718,0.15,1608141,13.0,1,13,337164.0,0.43,54,0.67,2,0.76,0
1241,1935954,361,0.35,1621128,29.0,9,2,2763779.0,0.47,2,0.96,2,0.36,1
1242,283272,444,0.88,676256,10.0,8,7,2858214.0,0.83,49,0.6,1,0.99,1
1243,917836,515,0.72,463089,6.0,1,10,2234967.0,0.44,42,0.56,2,0.26,1
1244,1276081,302,0.47,1898058,15.0,7,1,2020880.0,0.14,14,0.01,6,0.25,1
1245,2250021,459,0.34,640504,12.0,8,7,2724915.0,0.26,20,0.08,2,0.77,1
1246,931474,419,0.79,1838380,26.0,9,6,,0.96,51,0.58,6,0.43,1
1247,1510828,388,0.51,396184,14.0,8,7,2416338.0,0.16,36,,1,0.33,1
1248,768467,628,0.69,595932,23.0,9,14,49476.0,0.42,55,0.87,2,0.18,1
1249,1288848,656,0.69,112021,,8,13,2387848.0,,11,0.98,7,0.77,1
1250,2285619,566,0.07,742485,26.0,1,10,2817754.0,0.54,3,0.53,4,,1
1251,1027844,622,0.16,510115,20.0,3,3,1487564.0,0.1,46,0.79,7,0.57,1
1252,630047,840,0.61,92291,,6,3,2009810.0,0.55,8,0.84,4,0.96,1
1253,1857923,494,0.19,478276,,1,7,2781460.0,0.45,38,0.65,3,0.32,1
1254,1257447,631,0.27,444754,30.0,0,13,1255959.0,0.97,41,0.34,4,0.22,0
1255,1089903,469,0.85,1003680,8.0,2,2,69093.0,,27,0.47,0,0.68,1
1256,278391,820,0.53,353664,2.0,3,1,2113687.0,0.42,22,0.86,0,,1
1257,1167026,762,0.69,75675,18.0,7,9,2425786.0,0.48,44,0.3,0,0.22,1
1258,1809280,339,0.52,723647,19.0,5,9,1619426.0,0.45,39,0.92,1,0.08,1
1259,2055279,836,0.52,312318,4.0,1,7,1429762.0,0.7,43,0.23,7,0.81,0
1260,257450,560,0.13,1190844,9.0,8,7,256323.0,0.29,21,0.75,4,0.98,1
1261,2419042,694,0.34,1395718,16.0,1,3,1924088.0,0.3,23,0.63,7,,0
1262,2133509,525,0.29,758672,14.0,4,10,2356068.0,0.76,50,0.75,6,0.28,1
1263,266381,423,0.38,679698,,3,2,2811047.0,0.55,57,0.44,0,1.0,1
1264,1671701,337,0.73,387369,22.0,6,11,,0.47,25,0.93,3,0.89,1
1265,1770197,627,0.37,1929822,24.0,7,7,1129250.0,0.25,29,0.63,1,0.51,0
1266,2381660,550,0.43,1445811,7.0,4,9,828894.0,0.27,32,0.29,3,,1
1267,1928226,475,0.39,362863,,9,1,920631.0,0.11,15,0.64,4,0.82,1
1268,2061221,753,0.13,179887,30.0,4,13,285291.0,0.18,21,0.29,2,0.93,0
1269,1349386,336,0.42,346063,20.0,1,14,2535896.0,,48,0.29,3,0.84,1
1270,2164484,615,0.22,1433875,,7,4,1649959.0,0.9,56,0.4,2,0.64,0
1271,1568175,413,0.21,383713,13.0,1,6,2865612.0,0.36,49,0.85,1,,0
1272,879903,339,0.13,1926336,19.0,9,7,2188077.0,0.39,42,,3,0.47,1
1273,2292866,600,0.35,1300130,27.0,5,10,,0.2,17,0.68,3,0.63,1
1274,1665536,523,0.69,1909626,,7,7,1290906.0,0.45,6,0.39,5,0.8,1
1275,1910427,617,0.28,608963,20.0,5,10,1062307.0,0.13,49,0.26,1,0.97,0
1276,274123,648,0.32,1593586,22.0,3,2,1435367.0,0.93,25,0.95,1,0.47,1
1277,1086093,414,0.6,855351,11.0,3,14,1540450.0,0.71,7,0.6,0,0.57,1
1278,1281565,622,0.22,840605,16.0,5,4,1689576.0,0.99,5,0.93,4,0.44,1
1279,328274,339,0.81,421513,16.0,3,5,265976.0,0.89,29,0.2,3,0.67,1
1280,2081760,339,0.49,862832,9.0,7,14,1605196.0,,38,0.15,7,0.63,1
1281,281373,588,0.43,231517,29.0,8,12,12467.0,0.57,22,0.86,3,,0
1282,265294,561,0.52,120305,28.0,0,1,1089601.0,0.27,31,0.68,6,0.54,1
1283,2170320,515,0.19,742924,18.0,3,1,1192755.0,0.52,21,0.19,1,0.09,1
1284,798307,446,0.57,1537606,,3,10,1045851.0,0.91,41,0.27,7,0.03,1
1285,2312878,635,0.36,522963,10.0,1,3,77994.0,0.15,42,0.8,1,0.79,0
1286,291564,467,0.81,1711655,1.0,5,10,94202.0,0.88,56,0.45,4,0.26,1
1287,1576388,391,0.19,1257610,17.0,2,3,2664921.0,0.41,44,0.67,1,0.34,0
1288,2217359,652,0.48,528108,,6,12,1647982.0,0.91,8,0.32,2,0.06,0
1289,2365167,662,0.56,1053346,11.0,4,8,1434730.0,0.95,30,0.38,2,0.18,0
1290,839944,644,0.08,644821,25.0,3,9,444854.0,0.7,6,0.99,5,0.77,1
1291,838105,469,0.36,237256,,4,14,2846139.0,0.7,8,,2,,1
1292,2139173,655,0.67,526128,26.0,7,11,160185.0,0.51,12,0.51,2,0.88,1
1293,1564466,490,0.75,1073920,19.0,2,12,2181515.0,0.85,57,0.84,4,0.4,1
1294,595101,721,0.32,940023,17.0,6,1,1958615.0,0.97,2,0.24,3,0.27,1
1295,2283783,306,0.73,1764514,,5,14,2422340.0,0.8,34,0.42,2,0.35,1
1296,1202590,432,0.87,1753924,23.0,0,11,2308179.0,0.66,32,0.62,7,0.71,1
1297,1216646,330,0.78,1772560,9.0,6,2,978534.0,0.65,20,0.48,5,0.56,1
1298,2020785,834,0.15,1083668,19.0,6,10,273958.0,0.86,30,0.46,1,0.9,0
1299,1255534,725,0.68,875626,14.0,0,2,2369320.0,0.59,51,0.36,2,0.6,0
1300,1733593,693,0.32,1470623,4.0,8,4,895668.0,0.82,33,0.59,5,,1
1301,1953649,662,0.89,1492181,19.0,5,2,2679276.0,0.56,31,0.62,4,0.79,1
1302,1374665,736,0.46,1460023,2.0,1,7,1318155.0,0.16,56,0.65,6,0.95,0
1303,2444544,850,0.15,292188,4.0,4,13,984588.0,0.45,34,0.07,6,0.36,1
1304,308823,381,0.67,426047,29.0,3,9,255095.0,0.5,14,0.63,6,,1
1305,1591578,655,0.32,903823,24.0,6,7,481632.0,0.23,55,0.95,1,,0
1306,648863,557,0.9,287501,7.0,7,12,1309752.0,0.19,31,0.54,5,0.5,1
1307,517654,823,0.88,1418722,7.0,0,6,2346869.0,0.58,5,0.72,2,0.99,0
1308,2482514,594,0.61,347675,7.0,4,10,1081516.0,0.18,44,0.56,3,0.46,1
1309,1642785,523,0.16,758175,11.0,2,1,529954.0,0.37,20,0.85,1,0.07,0
1310,947079,824,0.63,1627850,23.0,0,11,909834.0,0.77,32,0.93,1,0.98,0
1311,814076,345,0.13,1917306,22.0,2,10,2303869.0,0.97,31,,6,0.84,1
1312,2467115,412,0.07,313625,7.0,5,9,1411910.0,0.75,51,0.44,3,0.18,1
1313,1447286,532,0.75,892840,10.0,6,5,1411188.0,0.99,18,0.39,6,0.9,1
1314,2468136,316,0.23,250339,13.0,7,11,26505.0,0.73,32,0.41,1,0.34,1
1315,2055324,659,0.37,1744814,7.0,3,5,,0.36,27,0.13,2,0.38,0
1316,1436125,522,0.88,984339,28.0,2,6,829601.0,0.7,30,0.81,6,0.91,1
1317,1682875,747,0.34,175355,,4,9,1252930.0,0.73,20,0.04,6,0.53,1
1318,598982,664,0.3,77798,23.0,8,13,1650375.0,0.43,53,0.53,7,0.14,1
1319,1322622,625,0.83,665937,27.0,5,8,1875530.0,0.12,33,0.66,6,0.37,1
1320,1146161,766,0.14,1425607,9.0,8,8,212204.0,,14,0.21,1,0.72,0
1321,816326,713,0.7,69477,6.0,5,14,2346988.0,0.12,13,0.91,2,0.17,1
1322,799150,754,0.89,1509058,27.0,1,8,2856001.0,0.67,18,0.84,3,0.59,1
1323,268834,532,0.82,267400,,4,1,528168.0,0.25,42,0.47,0,0.7,1
1324,1849005,523,0.6,1315636,3.0,8,1,2533822.0,0.61,14,0.41,3,0.34,1
1325,1904236,711,0.32,439959,28.0,7,8,973215.0,0.55,5,0.24,2,0.69,0
1326,434821,634,0.27,1609757,12.0,6,5,567827.0,0.11,51,0.73,4,0.88,1
1327,205609,521,0.75,1606407,3.0,0,9,2337208.0,0.43,8,0.13,6,0.47,1
1328,377897,336,0.8,1074374,4.0,3,2,1267633.0,0.64,36,0.68,3,0.38,0
1329,1124165,577,0.5,455105,25.0,6,9,,0.86,19,0.84,4,0.25,1
1330,1229600,495,0.26,1385055,21.0,6,12,1153419.0,0.9,33,0.23,4,0.6,1
1331,1175715,783,0.15,1447330,3.0,5,14,2026182.0,0.54,37,0.87,2,0.88,0
1332,1588533,541,0.12,323586,30.0,7,8,,0.76,25,0.03,2,0.32,1
1333,2431230,623,0.66,1931297,,5,9,48784.0,0.38,17,0.91,7,0.4,0
1334,611243,491,0.41,1938755,5.0,9,4,2210186.0,0.41,27,,6,0.41,1
1335,2208852,316,0.82,873759,30.0,2,1,,0.28,54,0.65,0,0.56,1
1336,2135588,823,0.68,983703,23.0,3,1,2531196.0,0.61,50,0.25,5,0.23,1
1337,401451,700,0.21,384971,,2,5,1773462.0,0.38,8,0.84,1,,0
1338,153051,321,0.57,1729328,,0,2,53997.0,0.18,31,0.51,3,0.3,0
1339,1902683,773,0.42,181184,22.0,9,14,2090053.0,0.72,58,0.14,2,0.71,0
1340,1154646,419,0.54,1185627,21.0,4,8,181413.0,0.74,52,0.57,3,0.51,0
1341,1810099,509,0.68,200653,1.0,0,10,1460865.0,0.42,55,0.41,5,0.59,1
1342,1121525,605,0.74,295300,30.0,0,11,1413119.0,0.17,58,0.66,5,0.18,1
1343,339407,569,0.77,634010,22.0,1,5,800981.0,0.48,5,0.88,6,0.74,1
1344,599395,584,0.27,142036,10.0,3,5,2049875.0,0.5,13,0.41,4,0.19,1
1345,1099597,526,0.08,1851498,,5,2,2940504.0,0.7,27,0.29,6,0.11,1
1346,1410386,680,0.68,197595,13.0,7,7,740686.0,0.38,57,,1,0.55,1
1347,2320675,759,0.14,903392,29.0,2,13,1517307.0,,23,0.57,0,0.71,0
1348,1293052,306,0.32,1871573,4.0,0,8,2881904.0,0.88,12,0.4,3,0.05,1
1349,372866,328,0.05,331696,5.0,2,10,1462108.0,0.31,42,0.37,1,0.07,1
1350,1285248,332,0.63,1615188,9.0,2,13,2254407.0,0.98,11,0.18,7,0.8,0
1351,1796711,378,0.19,1240456,7.0,4,1,880292.0,0.45,50,0.43,0,0.81,0
1352,1543470,758,0.61,285419,13.0,3,2,548912.0,0.34,18,0.98,3,0.25,1
1353,2275403,837,0.89,1040029,23.0,3,10,1527573.0,0.48,20,0.3,1,0.62,1
1354,1573286,781,0.11,204692,2.0,8,4,570993.0,0.18,26,0.6,2,0.44,0
1355,333062,729,0.12,313031,11.0,6,5,1662190.0,0.21,57,0.78,3,0.63,1
1356,250235,584,0.34,343946,,3,13,846822.0,0.47,18,0.75,1,0.86,1
1357,2051625,815,0.79,1707888,27.0,2,2,2165521.0,0.79,23,0.33,5,0.08,1
1358,900201,398,0.23,538765,29.0,5,1,1250469.0,0.91,25,0.61,0,,1
1359,953328,696,0.36,1868673,22.0,2,9,1320309.0,0.7,44,0.87,1,,0
1360,1193233,788,0.11,692927,16.0,5,14,1685876.0,0.19,27,0.02,2,,0
1361,2424399,338,0.7,1704802,0.0,8,1,1908189.0,0.7,45,0.44,6,0.65,1
1362,1861741,570,0.4,1316389,22.0,5,13,700146.0,0.67,55,0.22,3,,1
1363,679525,456,0.7,1874964,30.0,3,4,2847198.0,0.83,17,0.39,7,0.06,1
1364,1218632,374,0.82,1483466,30.0,4,2,2745151.0,0.84,43,0.42,3,,1
1365,326615,429,0.25,1911057,9.0,5,11,2173577.0,0.88,35,0.75,3,0.18,1
1366,337628,383,0.74,1438509,24.0,2,4,1996366.0,0.47,41,0.09,2,0.99,1
1367,556716,321,0.1,1707390,22.0,7,8,,0.73,28,0.51,0,0.72,1
1368,691252,758,0.81,451062,9.0,3,8,1588858.0,0.34,16,0.56,3,0.61,1
1369,1836293,838,0.6,533779,20.0,7,11,1018543.0,1.0,3,0.49,0,0.05,0
1370,2499916,681,0.79,547952,23.0,9,12,111915.0,0.26,43,0.73,1,0.88,1
1371,2314367,739,0.05,620508,,9,9,385105.0,0.11,44,0.38,5,0.81,1
1372,2054050,320,0.19,882595,8.0,2,13,2580566.0,0.23,58,0.94,7,0.66,1
1373,294356,602,0.38,446981,21.0,9,11,1153248.0,0.8,28,0.48,5,0.34,1
1374,353861,383,0.37,429270,12.0,6,12,2910223.0,0.5,3,0.57,0,0.07,1
1375,505612,752,0.24,1966494,24.0,8,5,318821.0,0.5,9,0.83,0,0.58,1
1376,159435,686,0.37,1173853,15.0,3,7,32930.0,0.96,24,0.28,5,0.72,1
1377,597556,806,0.16,1055782,17.0,7,3,1121889.0,0.93,30,0.08,3,0.09,1
1378,1898014,556,0.4,1618146,18.0,2,10,749211.0,0.38,2,0.71,4,0.63,1
1379,228781,826,0.73,533455,11.0,6,4,1993384.0,0.29,46,0.48,4,0.29,1
1380,2438627,461,0.46,1989253,7.0,2,10,2330063.0,0.86,1,0.9,2,,0
1381,2407348,462,0.07,172332,16.0,6,9,1144634.0,,56,0.98,7,,1
1382,2473659,823,0.41,1332807,14.0,9,10,2185028.0,0.59,24,,6,0.13,1
1383,914121,570,0.07,597219,9.0,9,10,609654.0,,48,0.42,5,0.53,1
1384,1889183,791,0.87,139116,14.0,5,14,,0.33,5,0.41,5,0.4,1
1385,1319748,507,0.16,301671,14.0,1,12,772838.0,0.82,25,,2,0.18,0
1386,1654544,838,0.65,1940641,30.0,2,1,261420.0,0.67,7,0.78,7,0.84,0
1387,1257677,359,0.88,1572494,22.0,5,2,477843.0,0.55,34,0.76,4,0.01,1
1388,1694548,729,0.75,1674777,6.0,3,5,335639.0,0.15,26,0.48,1,0.31,1
1389,438790,608,0.64,824504,12.0,5,3,2260156.0,0.92,24,0.04,3,0.01,1
1390,1040617,819,0.76,1717640,16.0,0,2,358234.0,0.65,17,0.31,3,0.1,1
1391,1558836,326,0.88,1124567,8.0,9,1,1347421.0,0.27,53,0.29,1,0.3,1
1392,1791249,498,0.58,564265,7.0,0,10,396601.0,,0,0.81,1,0.05,0
1393,800419,686,0.53,1808781,19.0,2,3,1825260.0,0.71,47,0.09,7,0.6,0
1394,1037225,648,0.58,678380,25.0,7,1,2065306.0,0.57,38,0.81,4,0.09,1
1395,421967,835,0.5,279577,26.0,7,12,581529.0,0.75,2,0.67,2,0.7,0
1396,341232,677,0.59,760672,20.0,3,1,2762879.0,0.62,54,0.73,1,0.05,1
1397,1502695,826,0.43,453777,17.0,5,12,,0.95,3,0.43,2,0.06,0
1398,2256692,452,0.24,1859977,12.0,7,1,1212980.0,0.15,40,0.68,7,0.31,1
1399,1739228,505,0.15,145556,15.0,6,8,,0.2,36,0.61,6,0.9,1
1400,1250567,754,0.11,1947883,8.0,6,3,2576854.0,0.26,50,0.77,0,0.64,0
1401,2435903,572,0.27,1255565,30.0,3,11,105185.0,0.72,14,0.45,3,,1
1402,768992,535,0.09,1422840,11.0,8,1,55182.0,0.68,7,0.47,4,0.14,1
1403,199115,820,0.53,445204,11.0,9,7,1677465.0,0.9,37,0.64,3,0.83,1
1404,871747,800,0.29,1605537,5.0,5,10,,0.76,49,0.11,4,0.01,1
1405,1347719,416,0.75,1995049,18.0,2,3,852318.0,0.56,18,0.44,7,0.21,1
1406,1913211,685,0.11,702755,27.0,4,8,2443144.0,0.99,55,0.97,0,0.62,0
1407,2188449,643,0.24,1619192,6.0,4,4,2941276.0,0.34,46,0.04,3,0.38,1
1408,686226,694,0.67,1506048,24.0,4,4,1872508.0,0.85,25,0.32,0,0.98,1
1409,1202576,363,0.56,1479210,2.0,7,5,2917369.0,0.48,38,0.31,7,0.03,0
1410,1554330,371,0.1,793088,15.0,8,6,608434.0,0.68,9,0.63,4,1.0,1
1411,401492,573,0.8,700443,17.0,8,7,1006630.0,0.75,37,0.11,1,,1
1412,1698098,619,0.8,1388950,15.0,5,14,2585347.0,0.67,13,0.63,6,,1
1413,641072,637,0.33,548682,22.0,5,14,572285.0,0.23,48,0.1,3,0.06,1
1414,1236880,665,0.34,109778,6.0,8,4,144375.0,,40,0.09,0,0.27,0
1415,654999,794,0.89,1144409,3.0,3,8,1519644.0,,18,0.73,5,0.92,1
1416,481593,465,0.58,859057,26.0,5,13,35187.0,0.86,29,0.32,3,0.35,1
1417,2205723,843,0.5,606376,24.0,3,6,989280.0,0.5,4,0.98,3,,1
1418,2398988,310,0.76,1833586,,0,14,657253.0,0.93,54,0.04,3,1.0,1
1419,258940,600,0.29,1464657,7.0,6,1,1717689.0,0.5,30,0.45,2,0.26,0
1420,974926,401,0.41,1563083,12.0,9,1,,0.59,6,0.11,0,0.58,1
1421,1464093,724,0.28,1294951,12.0,5,9,1894420.0,0.82,18,0.35,0,,0
1422,535777,691,0.72,126361,16.0,8,10,2874918.0,0.62,30,1.0,3,0.16,1
1423,1823250,513,0.54,1448949,16.0,6,6,541797.0,,51,0.89,7,0.15,1
1424,2079305,387,0.61,1233765,4.0,6,10,68653.0,0.69,57,0.05,7,0.46,1
1425,788873,700,0.26,1713129,5.0,1,8,692289.0,0.57,38,0.56,1,0.39,0
1426,215953,345,0.24,572154,18.0,8,13,2363338.0,0.12,23,0.65,3,0.71,1
1427,153267,762,0.47,672006,12.0,9,7,1242222.0,0.47,33,0.21,2,0.07,1
1428,2329897,609,0.68,1421430,24.0,8,12,1796218.0,0.37,56,0.15,4,0.97,1
1429,2074596,385,0.5,1061930,27.0,5,6,2384318.0,0.77,22,0.9,2,0.01,1
1430,307164,391,0.08,1717740,25.0,2,4,1804898.0,0.29,47,,7,0.6,1
1431,685626,541,0.79,1034558,13.0,0,7,,0.28,44,0.99,1,0.56,1
1432,2378636,301,0.1,1129525,30.0,3,9,904603.0,0.27,39,0.79,7,0.13,1
1433,681831,524,0.86,1835818,,2,14,,0.21,5,0.66,7,,1
1434,666771,415,0.07,904568,3.0,0,11,1280896.0,0.38,37,0.35,7,0.79,1
1435,841095,402,0.64,1210117,,2,10,2945304.0,0.9,40,0.17,3,0.89,1
1436,983727,493,0.12,1818555,6.0,3,10,2809317.0,0.8,35,0.08,7,0.28,1
1437,1312928,465,0.82,111842,7.0,7,14,2040403.0,0.76,26,0.69,0,0.44,1
1438,1019474,389,0.44,538019,24.0,8,7,1453953.0,0.82,10,0.78,6,0.35,1
1439,2333151,421,0.17,1331506,12.0,2,1,938193.0,0.34,4,0.83,5,0.07,1
1440,220640,442,0.34,339134,26.0,5,10,1405419.0,0.9,56,0.91,3,0.67,1
1441,346582,405,0.19,721553,5.0,9,9,1543103.0,0.22,16,0.88,1,0.83,1
1442,2150991,727,0.19,1390829,,4,13,1778244.0,,51,1.0,0,0.3,0
1443,550573,604,0.86,180356,5.0,5,4,588033.0,,6,0.24,2,,1
1444,1624271,616,0.43,818917,23.0,3,3,1180859.0,0.19,26,0.76,7,0.08,1
1445,211476,308,0.72,787090,27.0,9,4,393445.0,0.76,46,0.59,4,,1
1446,1505531,372,0.59,964565,20.0,5,4,2538910.0,0.45,56,0.26,4,0.45,1
1447,1365856,658,0.62,1788446,29.0,6,13,1980425.0,0.81,14,0.98,6,0.45,1
1448,825510,522,0.16,837738,2.0,8,10,,0.54,45,0.9,3,0.46,1
1449,1048320,715,0.25,1102425,27.0,9,11,,0.26,12,0.13,2,0.26,0
1450,784736,669,0.72,62360,2.0,6,2,2687024.0,0.76,10,0.03,6,0.72,1
1451,1737261,563,0.88,423216,,5,14,1461742.0,0.33,59,0.69,5,0.72,1
1452,2157635,617,0.27,827567,21.0,0,12,2941616.0,0.54,44,0.6,5,0.28,0
1453,1376607,383,0.28,669055,1.0,1,14,2474370.0,,25,0.94,6,0.84,1
1454,216234,617,0.45,311445,15.0,0,1,1409993.0,0.66,21,0.23,1,0.32,0
1455,1762818,410,0.89,1799736,21.0,8,12,,,27,0.08,4,0.73,1
1456,2425504,550,0.28,1620234,,9,10,2078937.0,0.44,23,0.26,2,0.12,1
1457,559995,682,0.4,480179,5.0,9,12,2242516.0,0.96,28,0.02,3,0.17,1
1458,2442156,306,0.81,104330,7.0,8,1,527340.0,0.89,8,,7,0.32,1
1459,616152,758,0.05,101707,22.0,6,13,,0.74,41,0.91,0,0.59,0
1460,2140546,383,0.08,330833,7.0,1,14,2055397.0,0.74,3,0.35,3,0.65,1
1461,2153019,507,0.56,1651948,29.0,5,8,1247486.0,,48,0.41,3,0.4,1
1462,1923832,689,0.82,1138963,,3,14,2427115.0,0.69,45,,2,0.08,1
1463,201934,613,0.25,1959824,5.0,0,2,1948697.0,0.28,55,0.27,4,0.37,1
1464,1918831,321,0.45,1625506,13.0,0,12,1025607.0,0.23,17,0.8,2,0.69,0
1465,575523,709,0.43,1927145,2.0,4,10,1195268.0,1.0,42,0.62,0,,0
1466,990530,814,0.45,1571624,9.0,1,5,1079037.0,0.66,15,0.75,6,0.16,0
1467,155486,426,0.58,236633,2.0,3,12,1015930.0,0.49,32,0.45,2,,1
1468,1337983,313,0.45,1947268,26.0,0,4,855695.0,0.36,28,0.31,1,0.75,0
1469,1023332,311,0.43,1769374,,3,8,112036.0,0.64,38,0.48,3,0.11,1
1470,1189458,386,0.45,884874,16.0,5,2,,0.14,59,,4,0.08,1
1471,2467336,823,0.55,939493,26.0,9,10,2384819.0,0.19,9,0.84,7,0.0,1
1472,1959891,836,0.51,446210,,3,9,889694.0,0.13,8,0.3,5,0.43,1
1473,347775,600,0.78,828799,28.0,0,7,590348.0,0.55,58,0.66,0,0.5,1
1474,937494,542,0.09,1486564,30.0,6,13,2760911.0,0.64,30,0.14,5,0.64,1
1475,1806940,421,0.76,1460295,4.0,1,7,1371446.0,0.16,27,0.69,3,0.3,1
1476,1288356,446,0.77,838245,29.0,8,1,909121.0,0.75,59,0.91,2,0.71,1
1477,1351193,655,0.29,929459,19.0,2,14,2140314.0,0.31,56,0.61,5,,0
1478,1039465,608,0.44,134381,24.0,7,12,273497.0,0.72,2,0.56,1,0.83,0
1479,683636,587,0.42,1872744,30.0,7,2,2209465.0,0.98,53,0.96,2,0.57,0
1480,188102,606,0.24,891708,8.0,2,4,2125629.0,0.72,54,0.63,3,0.58,1
1481,224460,848,0.39,1926251,30.0,3,4,1728506.0,0.89,13,,5,0.21,1
1482,1563354,651,0.09,243984,29.0,1,11,,0.95,57,0.29,7,0.07,0
1483,1926203,611,0.29,1158848,20.0,3,14,,0.54,24,0.71,6,0.46,1
1484,2426360,358,0.74,1594492,25.0,8,3,718730.0,0.73,14,0.74,0,0.62,1
1485,363945,334,0.29,1795987,19.0,1,7,,0.87,1,,5,0.1,1
1486,381915,744,0.75,1046358,6.0,2,12,68359.0,0.42,23,0.35,7,,1
1487,2455276,392,0.5,788096,30.0,3,8,473919.0,0.34,13,0.99,6,0.98,1
1488,675830,506,0.8,303091,21.0,4,2,1358356.0,0.95,47,0.1,6,0.55,1
1489,1482397,652,0.54,902050,3.0,0,4,1515719.0,,6,,5,0.95,0
1490,2286233,631,0.08,314064,12.0,6,14,816117.0,0.3,35,0.06,4,0.18,1
1491,868216,458,0.62,1204697,,9,3,837566.0,,49,0.82,5,0.03,1
1492,1418506,323,0.09,520435,30.0,6,2,2448212.0,0.82,23,0.09,3,0.04,0
1493,955497,703,0.43,651160,9.0,8,12,,0.59,26,0.67,6,0.59,1
1494,667313,815,0.84,1966140,17.0,3,13,94455.0,0.68,36,0.06,0,0.06,1
1495,1413108,663,0.19,314237,16.0,5,14,1509639.0,0.78,37,0.67,3,0.96,1
1496,1487682,681,0.38,325049,19.0,1,6,1223981.0,0.66,29,0.84,1,0.14,0
1497,1226871,831,0.67,696047,19.0,3,13,2336798.0,0.59,26,0.4,2,0.3,1
1498,1212383,451,0.8,467567,12.0,1,4,189937.0,0.77,38,0.52,5,0.82,1
1499,2404656,719,0.62,1391701,16.0,9,6,,0.75,14,0.4,4,0.22,1
1500,2199365,549,0.27,1958911,,4,2,2933340.0,0.67,25,0.3,0,0.24,1
1501,1436643,416,0.62,1955829,3.0,6,12,2482159.0,0.42,0,0.8,4,0.64,1
1502,1683584,811,0.3,1469920,0.0,0,4,2158344.0,0.47,55,0.27,4,0.28,0
1503,2156342,634,0.66,132289,0.0,9,11,2288910.0,0.97,3,0.72,4,0.22,1
1504,544540,717,0.86,690794,14.0,9,6,835165.0,0.2,28,0.21,5,0.25,1
1505,2076275,594,0.66,1701377,12.0,6,14,812425.0,0.34,56,0.25,0,0.49,1
1506,1365557,670,0.78,1511666,16.0,9,5,1734428.0,0.54,0,0.34,0,0.97,1
1507,894699,485,0.05,1804867,23.0,5,3,286287.0,0.85,42,0.59,6,,1
1508,2267022,545,0.66,1499466,,5,8,2043683.0,,49,0.45,4,0.28,1
1509,1102082,567,0.76,1411236,7.0,7,7,,0.35,45,0.75,6,0.36,1
1510,398683,536,0.08,309480,17.0,7,3,1553749.0,0.16,21,0.21,6,0.46,1
1511,176790,829,0.79,1884907,26.0,5,6,2278214.0,0.74,10,0.01,2,0.98,1
1512,1841738,320,0.27,1814622,12.0,2,4,456104.0,0.31,9,0.78,5,0.17,1
1513,598345,819,0.62,1586643,22.0,4,11,2166503.0,0.45,58,0.82,5,0.36,0
1514,899074,399,0.73,1429932,13.0,1,5,234085.0,0.5,16,0.06,3,0.73,1
1515,2029490,777,0.61,183498,7.0,4,11,758171.0,0.9,35,0.61,7,0.96,1
1516,940141,597,0.13,1352600,7.0,8,5,498095.0,0.47,55,0.38,6,0.16,1
1517,1604908,825,0.56,1753834,26.0,9,7,,0.23,46,0.79,5,0.23,1
1518,2403694,633,0.52,1188585,25.0,0,11,686093.0,0.57,25,0.87,4,0.23,0
1519,455062,301,0.82,773858,14.0,9,5,1167732.0,0.97,47,0.85,7,0.02,1
1520,1762162,674,0.39,473159,26.0,4,11,2435296.0,0.65,20,0.78,1,0.6,0
1521,1700284,592,0.32,771755,12.0,5,3,1490424.0,0.99,12,,4,0.67,1
1522,1016651,617,0.69,94816,6.0,6,10,21576.0,0.86,8,0.81,0,0.6,1
1523,1260205,801,0.4,54138,,8,5,2763262.0,0.13,10,0.53,5,0.07,1
1524,905195,680,0.6,1189752,16.0,5,7,2724442.0,0.69,10,0.05,7,0.07,1
1525,2018599,313,0.6,1436665,27.0,4,5,1035865.0,0.36,5,0.46,5,0.21,1
1526,363920,803,0.8,840449,24.0,6,5,1328668.0,0.6,0,0.94,3,0.29,0
1527,1575541,530,0.56,846883,28.0,0,9,2737968.0,0.35,53,0.89,6,0.79,1
1528,1659433,383,0.48,1816892,15.0,4,3,,0.41,5,0.1,1,0.16,1
1529,2021403,429,0.17,406007,22.0,1,13,2186203.0,0.93,12,0.74,5,0.04,1
1530,1703068,444,0.15,846710,1.0,3,6,2911451.0,0.29,21,0.81,3,0.39,1
1531,803983,327,0.18,271552,21.0,6,1,2032342.0,0.89,55,,3,0.42,1
1532,1614492,365,0.2,93764,17.0,4,10,1795292.0,0.13,30,0.47,1,0.45,1
1533,971052,462,0.59,173030,30.0,5,5,1830276.0,0.18,21,0.71,4,0.83,1
1534,1957150,528,0.68,968638,16.0,1,8,2300457.0,0.87,36,0.44,4,0.1,1
1535,2375300,560,0.5,1947951,29.0,2,5,2554728.0,0.67,46,0.11,4,0.7,1
1536,2005567,748,0.75,1718531,6.0,6,9,573722.0,0.77,26,0.71,2,0.34,1
1537,1684837,723,0.89,366462,12.0,1,11,,0.29,49,0.91,6,0.31,1
1538,881899,759,0.75,939855,17.0,5,6,641857.0,0.58,51,0.65,7,0.93,1
1539,409747,600,0.64,1464718,28.0,4,8,1780248.0,0.76,13,0.77,6,0.25,1
1540,765650,602,0.5,110128,13.0,9,10,,0.66,46,0.36,4,0.64,1
1541,573570,586,0.43,269128,29.0,0,8,866164.0,0.52,57,0.18,1,0.28,0
1542,1177512,694,0.12,858301,17.0,9,13,2608026.0,,4,0.64,2,0.51,0
1543,1008158,309,0.39,1332116,12.0,3,3,1130070.0,0.71,57,0.33,6,0.79,1
1544,2264792,569,0.82,55039,10.0,1,7,1792841.0,0.92,35,0.86,4,0.88,1
1545,202528,660,0.74,202353,20.0,3,14,601513.0,,31,0.12,2,0.84,1
1546,2023421,556,0.23,162935,29.0,0,7,,,33,,7,0.58,1
1547,2037646,432,0.45,1633306,,1,14,2265752.0,0.17,6,0.4,1,0.25,0
1548,1567077,575,0.74,1958796,15.0,7,10,779957.0,0.42,41,0.94,4,0.66,1
1549,1922802,812,0.11,1388306,22.0,5,12,1913980.0,0.87,47,0.15,7,0.71,1
1550,2402728,612,0.38,103053,16.0,1,6,1507394.0,0.31,9,0.01,0,0.01,0
1551,1074618,583,0.77,1280137,7.0,5,12,2979845.0,0.2,49,0.24,7,0.44,1
1552,1078479,420,0.39,1837040,18.0,9,7,2712188.0,0.39,16,0.82,5,0.84,0
1553,1209599,406,0.12,136346,19.0,8,14,254265.0,0.3,29,0.21,1,0.49,1
1554,1484679,503,0.51,379231,14.0,6,2,519493.0,0.93,20,0.24,7,0.31,1
1555,216203,464,0.78,455841,8.0,8,9,2261556.0,0.88,59,0.13,7,0.87,1
1556,310775,604,0.55,608685,19.0,4,10,910913.0,0.55,12,0.72,3,0.16,1
1557,1713299,796,0.24,1419391,9.0,6,10,2057017.0,0.16,0,0.07,3,0.21,1
1558,1494027,455,0.38,166214,11.0,6,1,653817.0,0.74,0,0.33,7,0.69,1
1559,941267,666,0.43,535001,30.0,2,1,996433.0,0.66,46,,7,0.35,0
1560,647562,550,0.54,903329,20.0,6,3,2035286.0,0.97,32,0.56,1,0.71,1
1561,533934,633,0.7,1780085,22.0,0,14,2581505.0,0.6,37,,3,0.16,1
1562,2154168,810,0.13,1037410,19.0,8,3,2361547.0,0.4,24,0.53,6,0.25,1
1563,467428,592,0.81,1497075,,9,1,1934116.0,0.57,25,0.93,1,0.16,1
1564,1517763,319,0.06,450826,0.0,5,12,682387.0,0.98,12,0.95,0,0.95,1
1565,1192892,581,0.36,486542,24.0,4,7,1145958.0,0.73,58,,1,,0
1566,840907,300,0.07,1375644,19.0,6,4,479767.0,0.7,27,0.78,4,0.34,1
1567,2082015,418,0.38,687431,8.0,4,10,9583.0,0.32,32,0.74,4,0.01,1
1568,2329996,334,0.5,422397,21.0,9,13,574675.0,0.77,36,0.89,2,0.15,1
1569,1750396,497,0.48,412441,,4,2,,0.78,40,0.45,3,0.42,1
1570,272402,784,0.19,1885877,0.0,9,10,2944208.0,0.39,29,0.53,7,0.07,1
1571,1316588,358,0.6,933520,11.0,6,5,1497850.0,0.54,56,0.42,5,0.51,0
1572,588661,460,0.09,1886022,2.0,9,6,946803.0,0.37,48,0.85,3,0.46,1
1573,723695,505,0.7,584391,10.0,6,9,2969053.0,0.33,47,0.23,6,0.77,1
1574,613556,311,0.85,1574314,1.0,2,4,2095598.0,0.12,7,0.24,1,0.66,1
1575,725278,789,0.34,1995325,15.0,2,2,1314861.0,,48,0.37,5,0.45,0
1576,1143176,575,0.49,476674,8.0,9,5,678710.0,0.6,46,0.23,5,0.22,1
1577,1328049,541,0.37,1058109,14.0,2,3,468298.0,0.1,55,0.56,7,0.73,1
1578,628007,515,0.06,132409,11.0,5,2,136149.0,0.35,0,0.13,7,0.71,1
1579,1424732,550,0.38,1121824,0.0,5,12,570303.0,0.89,11,0.32,3,0.15,1
1580,675303,425,0.72,1580952,12.0,2,1,,0.63,4,0.91,5,0.91,1
1581,2240784,516,0.56,748876,13.0,2,10,976684.0,0.65,23,0.41,5,,1
1582,1260389,605,0.14,1778106,24.0,7,2,756556.0,0.46,5,0.75,4,0.06,1
1583,177712,484,0.77,1106600,24.0,7,6,2943486.0,0.71,24,0.11,0,0.19,1
1584,262816,338,0.5,525430,7.0,6,8,1054153.0,0.27,0,0.25,7,0.91,1
1585,1785156,522,0.77,1333440,7.0,9,13,806434.0,0.84,24,0.81,1,0.52,1
1586,285230,483,0.54,1970955,26.0,3,3,,0.21,0,0.76,3,0.79,1
1587,1916616,794,0.53,1273451,,3,11,2660891.0,0.69,31,0.39,7,0.23,1
1588,956741,726,0.14,986800,11.0,2,9,2590179.0,0.41,41,0.95,4,,0
1589,419114,477,0.19,1452549,0.0,4,12,2801615.0,0.77,41,0.91,6,0.36,0
1590,1533194,727,0.88,1977716,,2,9,421863.0,0.59,2,0.96,7,0.83,1
1591,2031548,593,0.24,1971672,7.0,7,2,559119.0,0.51,48,0.43,6,0.02,1
1592,301456,450,0.88,1510049,9.0,6,8,1804240.0,0.25,18,0.2,2,,1
1593,420846,683,0.5,1242503,29.0,2,10,1931506.0,0.67,59,0.63,5,0.15,0
1594,150404,607,0.17,1183754,,8,11,1963957.0,0.98,42,0.68,5,0.86,1
1595,853286,635,0.13,1097380,10.0,4,12,2342094.0,0.84,28,0.13,3,0.47,1
1596,2145269,674,0.23,937553,6.0,8,5,2192271.0,,49,0.79,0,0.4,1
1597,1473483,307,0.84,1615116,10.0,6,4,2950414.0,0.44,1,0.02,0,0.45,1
1598,1872320,640,0.4,856457,30.0,6,10,823265.0,0.93,8,0.48,3,0.97,1
1599,865460,428,0.39,1496250,16.0,5,5,2845376.0,0.55,55,0.33,3,0.85,1
1600,2482517,651,0.32,1162186,0.0,1,4,1042137.0,0.7,16,0.74,4,0.71,0
1601,492786,657,0.18,1693707,25.0,8,8,2147907.0,,59,0.31,6,,1
1602,960006,816,0.46,681525,28.0,5,4,1201988.0,0.89,45,,3,0.17,0
1603,2008532,794,0.16,1575753,20.0,7,13,851426.0,0.55,35,0.59,6,0.92,1
1604,2447396,385,0.76,1803767,20.0,0,10,1636748.0,0.49,16,0.79,7,0.42,1
1605,1995924,474,0.36,748787,7.0,4,12,2967945.0,0.41,48,0.99,7,0.28,1
1606,1203385,492,0.37,1585601,22.0,0,13,1590346.0,,11,0.68,2,0.47,0
1607,313273,610,0.45,1753163,23.0,9,14,1102801.0,0.36,59,0.98,6,0.92,1
1608,1343104,418,0.43,1530298,5.0,7,6,2287073.0,0.32,19,,4,0.39,1
1609,1648189,517,0.9,1104244,21.0,7,2,240617.0,0.42,49,,7,0.56,1
1610,1237341,726,0.51,1321118,17.0,0,5,605398.0,0.26,2,0.11,5,,0
1611,2150896,713,0.12,228267,5.0,8,6,113606.0,0.73,42,0.26,5,0.43,1
1612,1514652,413,0.57,1958241,4.0,1,5,1587514.0,0.65,56,0.84,7,0.23,1
1613,993523,444,0.18,205489,12.0,8,12,1077506.0,0.53,49,0.03,7,0.99,1
1614,696237,837,0.08,394126,18.0,0,2,741067.0,0.45,3,0.52,7,0.96,0
1615,1399728,602,0.88,1728997,21.0,9,14,260102.0,0.92,16,0.57,6,0.84,1
1616,850903,644,0.71,1895759,7.0,8,7,1322521.0,0.13,49,0.56,5,,1
1617,242193,300,0.88,358362,,3,4,1624224.0,0.79,36,0.48,5,0.29,1
1618,655950,446,0.46,963081,16.0,8,8,147631.0,0.91,45,0.79,1,0.91,1
1619,1336887,586,0.5,1892360,2.0,6,7,1343054.0,,41,0.13,7,0.28,1
1620,658153,352,0.19,1832988,18.0,5,7,2333697.0,0.6,14,0.31,2,0.8,1
1621,1510642,603,0.26,1187411,10.0,4,9,1726334.0,0.95,32,0.62,7,0.92,1
1622,837409,368,0.76,1720357,23.0,8,1,1847199.0,0.29,15,0.69,4,0.6,1
1623,790053,660,0.35,865359,16.0,1,10,,0.57,10,0.4,4,0.8,0
1624,1010395,519,0.75,1795030,20.0,1,6,1638004.0,0.53,54,0.88,5,0.79,1
1625,1829748,460,0.65,151948,18.0,8,6,,0.33,19,0.42,7,0.19,1
1626,2373069,388,0.2,1283770,1.0,2,6,267291.0,0.84,37,0.4,0,0.67,0
1627,848168,458,0.48,1652357,30.0,7,13,1623372.0,0.91,23,,4,0.09,1
1628,631680,788,0.63,1565331,7.0,8,12,1330363.0,0.8,53,0.55,7,0.51,1
1629,1121375,623,0.25,343851,,7,6,103535.0,0.28,15,0.71,2,0.16,0
1630,2135838,680,0.76,1822750,6.0,3,12,1047861.0,0.18,29,0.11,3,0.42,1
1631,1242814,401,0.51,1236944,27.0,0,10,1345528.0,,33,0.31,7,0.83,1
1632,2248404,793,0.19,1255046,26.0,3,7,1561014.0,0.15,0,0.78,2,0.99,0
1633,976196,318,0.55,347986,16.0,8,14,722648.0,0.71,23,0.37,5,0.32,1
1634,1684026,753,0.9,63261,5.0,1,10,583247.0,0.58,23,0.24,5,0.53,1
1635,465826,781,0.18,1175285,18.0,2,6,395065.0,0.7,8,0.67,1,0.51,0
1636,477359,696,0.74,1718849,23.0,9,1,2427474.0,0.63,21,0.2,6,,1
1637,156949,578,0.23,418760,5.0,7,3,2819648.0,0.48,11,0.9,4,0.48,1
1638,467537,664,0.72,903605,27.0,5,2,2707762.0,0.28,16,0.11,6,0.7,1
1639,700222,630,0.67,1392501,1.0,7,6,1879573.0,0.38,24,0.71,7,0.92,0
1640,930722,643,0.31,325796,5.0,6,8,937687.0,0.57,27,0.5,6,0.37,1
1641,1514133,754,0.33,1365823,22.0,4,3,1049708.0,0.69,14,0.87,4,0.9,1
1642,2082247,364,0.72,1386220,4.0,8,10,,0.8,29,0.13,4,0.92,1
1643,1503038,375,0.44,820692,18.0,3,8,259427.0,0.79,50,0.68,7,0.93,1
1644,400875,442,0.67,1723200,19.0,5,8,2239155.0,0.98,26,0.57,5,,1
1645,613389,772,0.18,478745,3.0,1,5,782516.0,0.36,21,0.48,4,0.4,0
1646,220390,716,0.77,687787,21.0,1,8,2357681.0,0.16,9,0.49,0,0.87,1
1647,857689,604,0.65,723812,25.0,1,6,2541007.0,0.41,57,0.72,0,0.36,0
1648,403490,796,0.82,885825,16.0,9,5,2350760.0,0.77,30,0.94,3,0.6,1
1649,1765952,590,0.16,1522966,10.0,6,9,2855825.0,0.49,26,0.09,4,0.12,1
1650,1446516,401,0.55,1556242,3.0,1,14,714261.0,0.84,11,0.02,1,,0
1651,1706617,566,0.56,740796,25.0,1,7,1573908.0,0.59,45,0.81,3,0.41,1
1652,1415040,302,0.35,1408126,12.0,8,8,2274915.0,0.94,30,,5,0.58,1
1653,1709312,384,0.44,375203,19.0,6,1,231807.0,0.95,31,0.99,4,0.39,1
1654,2004971,627,0.08,1769890,25.0,2,11,24363.0,0.16,31,0.62,0,0.58,0
1655,800199,749,0.68,394866,16.0,2,2,394798.0,0.51,40,0.65,1,0.52,0
1656,2470929,753,0.52,825107,8.0,6,8,2045990.0,0.65,58,,7,0.69,1
1657,1999396,520,0.1,586644,3.0,4,12,984348.0,0.33,44,0.24,3,0.65,1
1658,778861,453,0.63,702416,22.0,9,9,1385049.0,0.47,34,0.66,1,0.42,1
1659,811614,311,0.45,1066003,27.0,5,4,2098772.0,0.71,52,0.91,4,0.42,1
1660,829574,432,0.08,1100763,13.0,7,12,1372944.0,0.3,45,0.98,2,0.14,1
1661,648870,603,0.87,1962251,18.0,8,10,1498447.0,0.64,20,,1,0.51,1
1662,2449998,592,0.86,1920106,25.0,0,11,692894.0,0.73,9,0.13,1,0.59,0
1663,816997,599,0.49,1584263,27.0,2,10,1545288.0,0.18,15,0.06,5,0.48,0
1664,1876351,342,0.13,726585,2.0,6,14,1775565.0,0.55,6,0.87,0,0.33,1
1665,1222647,642,0.69,1757542,13.0,5,9,2277476.0,0.34,3,0.29,7,0.72,1
1666,1781107,625,0.47,1942628,7.0,6,4,1595123.0,0.75,26,0.0,4,0.07,1
1667,1178455,797,0.31,1524620,23.0,7,10,20655.0,0.27,51,0.22,1,0.91,0
1668,1062259,663,0.47,1224846,26.0,5,10,1999085.0,0.9,54,0.34,4,0.02,1
1669,2419464,726,0.49,1899395,27.0,2,10,,0.49,24,0.99,0,0.96,0
1670,1455794,320,0.53,381607,0.0,1,9,1989690.0,0.28,30,0.52,5,0.46,1
1671,1413455,706,0.43,1039336,9.0,6,11,450400.0,0.49,10,0.2,4,,1
1672,1562290,635,0.56,817286,17.0,0,7,1070178.0,0.47,47,0.33,6,0.26,0
1673,2100367,416,0.83,1079933,15.0,2,2,2969529.0,,19,0.33,0,0.01,1
1674,2060705,423,0.36,970095,7.0,3,9,666470.0,0.63,35,0.02,0,0.27,1
1675,1751596,698,0.67,1090950,0.0,0,4,1935854.0,0.57,53,0.14,7,0.11,1
1676,1078818,350,0.81,815791,30.0,4,8,1391538.0,0.23,53,0.7,3,0.66,1
1677,2304260,623,0.44,1016020,11.0,9,14,,0.16,54,0.12,5,0.32,1
1678,1679297,440,0.43,403827,7.0,2,7,2507506.0,,16,,5,0.77,1
1679,1309771,769,0.56,1684925,23.0,1,13,1829074.0,0.6,44,0.35,7,0.21,0
1680,1235244,633,0.55,1858361,15.0,2,7,2798714.0,0.42,10,0.76,6,0.9,0
1681,2377712,672,0.74,1179833,17.0,7,8,171236.0,0.83,29,,4,0.52,1
1682,1197172,793,0.46,111753,3.0,5,1,89743.0,0.45,34,0.69,2,0.11,0
1683,2395131,838,0.9,921206,5.0,6,5,447875.0,,40,0.57,6,,1
1684,1348425,455,0.1,1502879,11.0,5,2,1955206.0,0.38,37,0.68,3,0.21,1
1685,201745,590,0.05,1522608,26.0,5,2,1138422.0,0.17,21,0.0,5,,1
1686,2244157,443,0.59,1121984,8.0,2,1,758795.0,0.94,52,0.93,0,0.51,0
1687,241865,405,0.3,174116,14.0,7,5,814468.0,0.46,42,0.11,5,0.67,1
1688,1411466,719,0.25,1072780,15.0,6,2,1764688.0,0.81,47,,6,0.91,1
1689,1222200,301,0.32,705496,23.0,6,4,2957817.0,0.35,50,0.77,2,0.5,1
1690,2270473,389,0.27,67413,11.0,5,3,2704489.0,0.68,26,0.44,1,0.97,1
1691,1372869,644,0.08,687938,30.0,4,3,239647.0,0.89,36,0.95,1,,0
1692,2433869,649,0.88,1158076,23.0,9,2,1379401.0,0.14,45,0.47,7,0.87,1
1693,1579551,758,0.24,920946,22.0,7,13,289962.0,0.85,48,0.87,5,0.5,0
1694,2431020,562,0.67,1154934,13.0,4,6,2946116.0,0.61,34,0.81,5,0.14,1
1695,2342409,650,0.7,116197,12.0,8,2,319849.0,0.65,3,0.98,3,0.22,1
1696,738579,407,0.84,543992,24.0,8,14,,0.57,15,0.93,5,0.65,1
1697,2457328,338,0.08,1846725,30.0,0,14,386480.0,0.89,15,0.9,2,0.42,0
1698,2437623,458,0.79,273492,1.0,5,8,,,20,0.73,5,0.15,1
1699,1064032,611,0.5,835833,2.0,6,8,2942609.0,0.33,25,0.37,4,0.48,1
1700,1717438,540,0.59,476070,25.0,2,13,1800200.0,0.89,56,0.11,6,0.02,1
1701,2116382,744,0.6,126240,23.0,6,14,424632.0,0.78,35,0.69,7,0.73,0
1702,1674350,597,0.75,285595,29.0,6,12,1572732.0,0.12,18,0.98,2,0.07,1
1703,1067559,335,0.33,1621286,21.0,1,5,1940593.0,0.57,57,,3,0.63,1
1704,785605,383,0.67,1843999,9.0,6,10,1509837.0,0.58,16,0.93,4,,0
1705,539593,751,0.5,1377042,8.0,0,7,,0.46,44,0.8,4,0.13,0
1706,965131,684,0.72,1998061,25.0,4,4,1251717.0,,25,0.16,6,0.52,1
1707,217661,471,0.89,1105544,,8,1,2740855.0,0.71,21,0.25,1,0.78,1
1708,1870684,675,0.22,339662,7.0,6,11,1491625.0,0.29,54,0.34,2,0.26,1
1709,1344682,661,0.9,888357,9.0,6,2,1380188.0,0.82,57,,6,0.16,1
1710,2228007,440,0.13,240920,18.0,1,10,2528696.0,0.82,55,0.58,4,0.34,1
1711,1457506,417,0.05,948332,2.0,7,10,2944230.0,0.47,27,0.98,3,,1
1712,2121206,576,0.09,929854,23.0,2,4,2818767.0,,0,0.76,6,0.58,1
1713,1003499,519,0.34,1362420,4.0,7,1,1337218.0,0.36,43,0.42,1,0.13,1
1714,268033,325,0.59,1978790,2.0,2,13,,0.53,35,0.0,4,0.46,1
1715,780265,820,0.11,282076,25.0,9,8,1462333.0,0.75,42,0.31,6,,1
1716,1828050,309,0.05,1121775,26.0,6,9,570217.0,0.42,36,,2,0.84,1
1717,1365502,677,0.85,487805,15.0,1,4,123199.0,0.65,1,0.32,1,0.31,0
1718,1769135,451,0.75,213187,16.0,3,10,1280101.0,0.44,16,,2,0.84,1
1719,581734,348,0.74,505150,14.0,5,3,1336748.0,0.37,39,0.44,2,0.43,1
1720,1571796,453,0.8,559551,2.0,8,2,2126697.0,0.12,37,,2,0.73,1
1721,2469049,592,0.65,1612518,11.0,4,5,1652433.0,0.1,20,0.91,6,0.51,1
1722,2248214,349,0.14,1808252,8.0,8,14,2128825.0,0.3,8,0.1,1,0.62,1
1723,2342614,830,0.39,1104096,20.0,4,3,424190.0,0.47,12,0.05,6,0.4,1
1724,1598021,359,0.66,1732678,11.0,9,10,2549267.0,0.87,10,0.01,6,0.77,1
1725,1648585,466,0.29,217527,25.0,7,7,1464889.0,0.82,15,0.33,6,0.43,1
1726,920173,501,0.63,820644,14.0,0,11,888943.0,,15,0.66,4,0.46,1
1727,808956,445,0.07,697652,1.0,6,6,1403864.0,0.32,58,0.73,5,0.52,1
1728,1597960,738,0.31,1637819,22.0,3,1,2120677.0,0.3,1,0.45,0,0.83,0
1729,1830963,541,0.52,1273697,30.0,4,12,,0.41,41,0.68,4,0.66,1
1730,617010,782,0.59,1767853,17.0,5,8,2243267.0,0.55,43,0.36,1,0.35,0
1731,1805016,407,0.54,1037797,19.0,4,2,2663286.0,0.49,7,0.67,0,0.67,1
1732,1847900,525,0.64,1570373,11.0,0,5,757600.0,,42,0.04,0,0.64,0
1733,536193,731,0.06,300144,22.0,8,9,2597979.0,0.22,41,0.39,0,0.93,0
1734,176734,718,0.14,114925,3.0,1,8,2016307.0,0.11,12,0.79,5,0.84,0
1735,1073875,754,0.79,419360,22.0,8,2,,0.24,56,0.8,6,0.65,1
1736,2273221,459,0.63,644557,,9,9,809195.0,0.73,16,0.72,7,0.34,1
1737,687198,822,0.15,998458,22.0,1,5,1255300.0,0.32,38,0.2,3,,0
1738,1534199,376,0.77,1040121,,8,10,15733.0,0.52,23,0.25,1,0.58,1
1739,231264,808,0.26,1402178,0.0,5,14,,0.63,2,1.0,7,0.99,1
1740,173275,740,0.46,1449757,21.0,8,6,2396716.0,,29,0.1,5,0.25,1
1741,2438228,553,0.17,1775049,24.0,5,13,2087560.0,0.9,51,0.18,5,0.08,1
1742,1152163,619,0.65,1198553,1.0,5,3,1026281.0,0.77,12,,3,0.07,1
1743,1908489,562,0.62,1604414,29.0,1,13,2761759.0,0.13,18,0.33,0,0.64,1
1744,722735,673,0.23,1617739,2.0,7,3,2555517.0,0.62,6,0.21,6,0.94,1
1745,2150609,466,0.78,533442,25.0,2,10,1069634.0,0.81,8,0.5,3,0.0,1
1746,1062826,758,0.39,880371,20.0,6,8,2343453.0,0.12,18,0.48,7,0.73,1
1747,1012522,579,0.3,1127921,24.0,4,11,1345649.0,0.59,44,0.9,7,0.66,1
1748,953692,601,0.18,829976,19.0,2,10,1001675.0,0.87,53,0.03,3,,0
1749,1311157,830,0.28,1470827,16.0,0,10,2057244.0,0.53,39,0.32,5,0.36,0
1750,1464532,517,0.07,1059869,,7,12,2259586.0,0.1,21,0.6,1,0.82,1
1751,571240,401,0.55,1884662,21.0,2,2,2707929.0,0.11,17,0.6,2,,1
1752,1094789,587,0.77,543814,20.0,1,11,1657528.0,0.47,22,0.48,6,0.76,1
1753,2363573,466,0.52,381310,29.0,0,12,2174749.0,0.24,1,0.82,7,0.27,1
1754,675893,335,0.24,1801797,28.0,3,12,1841049.0,0.7,49,0.06,7,0.48,1
1755,2319455,652,0.08,147406,0.0,7,2,78209.0,0.74,49,0.82,3,0.82,1
1756,2405363,372,0.23,1410018,19.0,2,13,624152.0,0.26,10,0.49,6,0.27,1
1757,1144653,652,0.4,1014725,5.0,0,5,2245772.0,0.9,30,0.13,3,0.19,0
1758,337210,369,0.7,1405662,28.0,3,6,166562.0,0.5,32,0.89,0,0.68,1
1759,1012557,724,0.21,1626317,14.0,8,12,2304310.0,0.23,13,0.65,6,0.53,1
1760,2392142,816,0.66,1725675,25.0,0,2,,0.79,15,0.16,0,0.51,0
1761,1357094,727,0.79,629223,25.0,1,5,976264.0,0.81,10,0.03,7,0.26,1
1762,2371192,838,0.44,434583,13.0,8,7,286453.0,0.68,32,0.14,5,0.03,1
1763,818406,459,0.75,1797306,19.0,1,10,1120831.0,0.87,6,0.61,0,0.41,1
1764,568034,448,0.52,1071436,14.0,2,10,2965483.0,0.76,30,0.18,6,,1
1765,1183255,529,0.59,844760,13.0,6,8,1601582.0,0.89,47,0.23,4,0.91,1
1766,945543,366,0.5,1114110,,2,12,225409.0,,45,0.03,6,0.04,1
1767,690677,680,0.44,1970288,20.0,8,7,2337119.0,0.77,46,0.72,3,0.43,1
1768,1845041,357,0.25,1052429,23.0,5,8,2790353.0,1.0,13,0.81,0,0.05,0
1769,1882682,558,0.31,1659184,24.0,2,14,991052.0,0.75,27,0.8,1,0.1,0
1770,1321459,641,0.3,1672034,,8,12,738925.0,0.2,52,0.13,4,0.66,1
1771,1941822,429,0.53,1199122,4.0,0,9,2465849.0,0.57,42,0.9,5,0.65,1
1772,2116197,471,0.15,654489,5.0,9,5,,,15,0.67,2,0.03,1
1773,537952,508,0.83,1096439,16.0,2,13,,0.26,18,0.9,3,0.0,1
1774,2359373,653,0.66,808761,10.0,0,5,1835775.0,0.97,16,,3,0.08,1
1775,1180117,770,0.39,1369360,15.0,1,11,1445687.0,0.26,58,0.44,1,0.76,0
1776,675134,415,0.18,281324,11.0,7,10,582314.0,0.26,25,0.78,2,0.58,1
1777,1539959,563,0.8,534273,14.0,6,4,1953150.0,0.92,5,0.09,7,0.04,1
1778,394761,741,0.75,1783985,22.0,1,13,2505700.0,0.52,42,0.52,2,0.49,0
1779,2384693,847,0.66,1497410,3.0,1,9,145693.0,,48,0.84,5,0.71,1
1780,1097609,752,0.28,1332188,26.0,8,5,1649734.0,0.64,8,0.83,5,0.87,1
1781,2027109,776,0.39,1809989,17.0,5,14,910789.0,0.64,49,0.96,4,0.93,1
1782,214323,586,0.14,969424,20.0,4,2,885621.0,0.16,16,0.7,7,0.33,1
1783,1387715,602,0.21,356081,27.0,9,10,2661942.0,0.98,30,0.21,3,0.14,1
1784,1104480,610,0.72,775084,2.0,5,8,298818.0,0.59,11,0.02,0,0.24,1
1785,2482811,507,0.66,1241855,21.0,8,7,561548.0,0.6,22,0.48,5,0.78,1
1786,1004016,745,0.55,1295422,7.0,6,8,960002.0,0.57,53,0.51,1,,0
1787,1303113,354,0.81,738332,22.0,9,12,,0.65,53,0.24,1,0.47,1
1788,1014909,311,0.55,1502591,2.0,9,3,2693245.0,0.34,4,0.12,1,0.31,1
1789,2489135,699,0.45,776448,7.0,8,4,2293143.0,,42,0.59,6,0.43,1
1790,1765397,814,0.34,472132,17.0,3,5,1832500.0,0.56,35,0.76,7,0.3,1
1791,938260,841,0.85,120463,9.0,1,6,185541.0,0.83,58,0.99,7,0.26,1
1792,1200493,536,0.12,143500,,7,1,2114346.0,0.14,35,0.76,5,,1
1793,432762,578,0.84,1306348,19.0,3,4,2779323.0,0.64,2,0.79,5,0.02,1
1794,1755118,647,0.75,611446,16.0,8,11,2955961.0,0.83,57,0.62,1,0.26,1
1795,1566012,403,0.16,1183183,7.0,3,12,1703728.0,,23,0.99,7,0.66,1
1796,1708506,816,0.53,819305,22.0,7,10,568011.0,0.11,54,,7,0.03,1
1797,721650,547,0.79,383840,10.0,8,13,468451.0,,56,0.86,5,,1
1798,432272,663,0.54,897942,28.0,8,5,583526.0,0.63,16,0.95,6,0.29,1
1799,535925,620,0.82,170076,4.0,9,7,259425.0,0.22,38,0.93,0,0.88,1
1800,864743,585,0.85,1157268,25.0,3,13,,0.48,25,0.38,0,0.76,1
1801,553081,448,0.41,705129,12.0,0,5,510609.0,0.6,3,0.08,4,0.02,1
1802,528892,383,0.37,767104,20.0,2,13,2065331.0,,54,0.17,7,0.5,0
1803,155287,705,0.85,852242,22.0,8,13,300589.0,0.35,44,0.06,3,0.27,0
1804,1456241,755,0.62,972630,4.0,3,1,709163.0,0.46,11,0.11,0,0.65,0
1805,806702,460,0.15,211081,23.0,4,11,2093333.0,0.8,0,0.18,4,0.72,1
1806,2135296,759,0.09,1210294,26.0,6,7,630458.0,0.95,20,0.34,2,0.86,0
1807,2233592,849,0.53,1451652,12.0,4,8,1968093.0,0.88,18,,3,0.48,1
1808,2340222,799,0.84,574480,5.0,3,13,2444913.0,,20,0.71,7,0.99,1
1809,1628050,808,0.77,297536,28.0,1,7,2310634.0,0.47,51,,0,0.98,0
1810,1161293,780,0.62,86413,4.0,1,11,2937086.0,0.4,17,0.67,6,0.88,1
1811,1240654,413,0.17,1242464,8.0,3,14,,0.21,42,0.7,2,0.57,1
1812,757812,660,0.27,1661946,26.0,9,13,795911.0,0.2,51,0.56,4,0.4,1
1813,2474797,640,0.79,901480,,9,4,599649.0,0.72,2,0.9,0,0.36,1
1814,936667,748,0.21,1745994,1.0,8,8,1725240.0,0.33,48,0.11,7,0.01,1
1815,1503649,479,0.29,625228,0.0,7,5,428910.0,0.33,43,0.18,0,0.25,1
1816,1325885,706,0.16,1786066,7.0,2,10,81171.0,1.0,31,0.43,5,0.72,0
1817,1528164,495,0.62,614430,27.0,8,9,2473447.0,0.27,9,0.13,2,0.6,1
1818,1862503,765,0.85,1621356,18.0,4,12,2183448.0,0.23,39,0.57,0,,1
1819,1534418,610,0.28,86468,29.0,2,12,1189138.0,0.19,14,0.4,1,0.05,0
1820,536594,561,0.45,998202,10.0,4,10,2249476.0,0.62,4,0.28,6,0.16,1
1821,1242501,718,0.59,716015,27.0,9,5,2595658.0,0.67,3,0.17,5,,1
1822,1194027,705,0.9,1277545,11.0,3,1,2759374.0,0.43,57,0.34,5,,1
1823,287023,442,0.14,1521867,11.0,7,12,2338687.0,0.58,27,0.61,0,0.12,1
1824,1285964,641,0.47,976863,6.0,4,9,1380679.0,0.81,52,0.58,6,1.0,1
1825,682295,615,0.38,965480,25.0,9,12,1452242.0,0.84,51,0.16,5,0.79,1
1826,1633624,400,0.79,1593989,12.0,7,5,783258.0,0.96,50,0.12,3,0.41,1
1827,2305748,543,0.45,1334763,26.0,8,6,,0.84,52,0.03,2,,1
1828,2106109,789,0.14,92056,7.0,3,4,1220575.0,0.61,3,0.01,3,0.68,1
1829,1023172,311,0.59,101831,30.0,6,6,,,14,0.88,4,0.79,1
1830,672244,538,0.71,895623,28.0,1,12,1360573.0,0.19,16,0.05,3,0.82,0
1831,1611074,341,0.05,823952,28.0,5,8,1877887.0,0.15,43,,6,0.08,1
1832,829290,728,0.78,958380,21.0,7,3,1761201.0,0.7,2,0.87,1,0.62,1
1833,2005619,457,0.21,476488,27.0,6,5,2693801.0,0.83,9,0.1,5,0.01,1
1834,1212636,515,0.52,682405,25.0,6,2,2337180.0,0.56,46,0.44,6,0.04,1
1835,1936921,761,0.4,326815,29.0,7,14,1400507.0,0.15,41,0.96,5,0.9,1
1836,1717121,433,0.66,1387768,8.0,6,2,1265832.0,,55,0.83,7,0.53,1
1837,979735,366,0.37,1043778,6.0,4,13,40736.0,0.94,22,0.49,1,0.74,1
1838,1238287,306,0.79,1910971,30.0,6,7,1335250.0,0.64,17,0.76,5,0.84,1
1839,485484,825,0.67,618242,25.0,9,10,209124.0,0.83,0,0.83,3,0.95,1
1840,2465286,372,0.6,1564101,20.0,2,13,2727520.0,0.82,34,0.35,7,0.87,0
1841,1301550,698,0.73,283192,23.0,4,10,2564462.0,0.94,52,0.89,7,0.48,1
1842,1600976,704,0.69,1456150,14.0,6,14,2757398.0,0.79,57,0.47,4,0.34,1
1843,839376,429,0.08,575005,,8,11,388742.0,0.77,30,,7,0.15,1
1844,588774,765,0.39,1372396,22.0,1,10,2321945.0,0.31,58,1.0,7,0.4,0
1845,1064228,505,0.84,1496226,30.0,3,6,642911.0,0.15,43,0.84,0,0.37,1
1846,1103959,565,0.16,1279458,19.0,6,4,,0.57,0,0.36,1,0.56,1
1847,2339415,836,0.68,1217272,24.0,0,5,1685124.0,0.21,2,0.01,3,0.67,1
1848,1071522,552,0.88,1062140,11.0,1,1,432859.0,0.97,2,0.63,6,0.98,1
1849,1777781,588,0.09,54994,0.0,8,7,401072.0,,36,0.7,3,0.73,1
1850,495266,463,0.63,840666,22.0,9,8,2528537.0,,18,0.65,3,0.64,1
1851,1688601,394,0.45,119300,21.0,6,9,2095637.0,0.45,28,0.97,0,0.34,1
1852,493054,409,0.54,356093,7.0,9,8,2788302.0,0.39,24,0.86,2,0.03,1
1853,1466128,635,0.12,611693,,6,5,1387168.0,0.94,32,,5,0.29,1
1854,1257955,537,0.09,1395592,14.0,5,3,956010.0,0.43,35,0.06,5,0.77,1
1855,1223629,680,0.62,1402935,0.0,2,10,743264.0,0.45,28,0.48,6,0.21,1
1856,1601238,735,0.75,1646049,0.0,9,11,2557674.0,0.2,57,0.69,7,0.71,1
1857,2345875,782,0.71,1797378,24.0,2,9,665329.0,0.7,25,,4,0.58,1
1858,1471509,324,0.51,566479,30.0,1,6,274548.0,0.36,3,0.54,6,0.17,1
1859,2082728,416,0.13,1543551,9.0,5,5,2555673.0,0.63,48,,2,0.26,1
1860,1003088,781,0.63,1926161,21.0,3,13,1477775.0,0.63,13,0.29,5,0.5,1
1861,2049492,691,0.26,389679,9.0,4,3,2267686.0,0.75,49,0.28,4,0.42,1
1862,1230730,836,0.82,1756517,20.0,2,6,2378656.0,0.77,26,0.5,6,0.78,1
1863,1564397,378,0.76,1150293,14.0,5,3,2969241.0,0.56,32,0.16,4,0.73,1
1864,2052787,472,0.65,1101339,,2,10,419503.0,0.4,21,,3,0.57,1
1865,995633,311,0.86,405054,21.0,7,12,2293696.0,0.85,47,0.32,1,0.82,1
1866,1373520,427,0.08,1154056,5.0,8,6,1812901.0,0.38,2,0.59,3,0.56,1
1867,1769061,391,0.68,1792695,2.0,3,4,158253.0,0.56,22,0.07,0,0.96,1
1868,1646972,842,0.33,1305715,12.0,8,2,669745.0,0.46,20,0.83,7,0.22,1
1869,1353358,831,0.82,1216670,15.0,6,8,1659537.0,0.87,40,0.56,5,0.71,1
1870,2450119,746,0.28,730667,7.0,2,4,1279898.0,0.49,22,0.67,4,0.37,0
1871,2049443,689,0.67,801731,,6,9,2364840.0,0.45,3,0.7,6,0.28,1
1872,1589758,342,0.8,1633928,14.0,0,7,771143.0,0.72,20,0.29,7,0.18,1
1873,1955468,553,0.09,1175424,16.0,2,12,2503643.0,0.64,36,0.47,1,0.55,0
1874,2311924,429,0.39,1660412,16.0,5,2,2684688.0,0.2,42,0.96,6,0.22,0
1875,276108,359,0.7,1266593,21.0,3,4,296694.0,0.56,30,0.77,5,0.2,1
1876,1857692,766,0.44,842908,25.0,6,5,1461433.0,0.76,20,0.97,4,0.99,1
1877,1481329,586,0.28,494972,12.0,2,3,2877389.0,0.99,25,,4,0.8,0
1878,2230154,816,0.24,1975109,16.0,0,9,,0.67,40,0.18,3,0.75,0
1879,2394702,766,0.16,1625246,5.0,8,13,1326325.0,0.43,57,0.06,1,0.79,0
1880,487827,644,0.78,492899,16.0,5,5,496389.0,0.3,34,0.58,1,0.97,1
1881,1690889,681,0.54,531215,15.0,7,2,2147865.0,0.89,37,0.36,5,0.57,1
1882,1853194,552,0.11,750636,13.0,2,11,,0.83,23,0.28,4,,0
1883,538349,355,0.38,1583673,12.0,7,3,2942050.0,0.31,10,0.81,7,0.86,1
1884,1212729,762,0.36,1602092,5.0,1,14,1576845.0,0.28,40,0.37,1,0.74,0
1885,1799189,756,0.2,470162,,3,9,988722.0,,28,0.32,1,0.41,0
1886,2129079,382,0.42,1702562,13.0,2,7,2037398.0,0.38,46,0.85,6,0.47,1
1887,544030,398,0.33,820050,13.0,9,2,1950639.0,0.38,54,0.85,5,0.41,1
1888,226077,448,0.34,1866245,,0,9,95335.0,0.24,59,,3,0.93,1
1889,283515,628,0.68,1041437,7.0,6,14,2204593.0,0.34,2,0.83,6,0.34,1
1890,1405564,455,0.24,95095,28.0,9,4,1065560.0,0.48,0,0.85,6,0.96,1
1891,2058327,489,0.6,1571722,14.0,1,13,2994900.0,0.76,51,0.42,2,0.91,0
1892,275885,793,0.54,442118,21.0,3,9,2513128.0,0.4,53,,0,0.63,1
1893,1046209,562,0.53,1912205,28.0,8,13,2754036.0,0.4,18,,2,0.58,1
1894,691656,379,0.61,1644874,26.0,5,2,,0.36,45,0.52,1,0.37,1
1895,820688,699,0.52,1515915,12.0,7,12,91656.0,0.53,48,0.34,4,,1
1896,2435166,559,0.8,400067,16.0,1,10,2162766.0,0.26,21,,0,0.13,1
1897,2338903,400,0.62,1756826,30.0,6,12,2264115.0,0.54,13,0.77,0,0.75,1
1898,380203,658,0.51,1491246,20.0,5,4,353153.0,,48,0.76,4,0.47,1
1899,963738,679,0.76,1207738,23.0,8,5,2530200.0,,56,0.96,0,0.15,1
1900,2201531,520,0.57,433071,2.0,6,2,,0.11,58,0.89,4,0.26,1
1901,1703731,719,0.3,320170,27.0,0,10,987938.0,0.17,13,0.32,0,0.95,1
1902,345716,423,0.23,1425645,5.0,7,1,2880229.0,,43,0.17,6,0.37,1
1903,1040695,721,0.18,1691706,4.0,9,7,936066.0,0.87,15,0.75,7,0.91,1
1904,150126,530,0.81,1394385,21.0,2,10,982014.0,0.1,32,0.38,5,0.3,1
1905,988761,362,0.65,321421,25.0,1,1,862839.0,0.94,12,0.47,5,0.54,1
1906,650315,784,0.85,223311,16.0,2,11,2891194.0,0.2,37,0.63,2,0.02,0
1907,1919246,782,0.56,490880,22.0,5,11,1682245.0,0.86,48,0.91,6,0.52,1
1908,1308521,818,0.45,884440,24.0,2,8,1534710.0,0.53,11,0.42,0,0.64,0
1909,1449445,454,0.1,1899691,,9,3,1064367.0,0.69,54,0.78,3,0.23,1
1910,891426,391,0.62,706030,,4,14,1106623.0,0.56,50,0.27,4,0.58,1
1911,648716,825,0.54,1318859,14.0,5,10,234898.0,0.53,37,0.7,6,0.65,1
1912,2426106,754,0.89,723249,4.0,7,6,461122.0,0.85,38,0.0,0,0.69,1
1913,2152324,809,0.25,1547404,25.0,6,7,675025.0,0.78,32,0.87,5,0.78,1
1914,2217801,482,0.5,749895,19.0,7,10,70246.0,0.54,32,0.03,5,0.31,1
1915,282717,685,0.6,390686,5.0,2,1,1283531.0,0.2,28,0.71,4,0.57,0
1916,644592,704,0.6,1415039,5.0,3,14,2445444.0,0.2,4,0.05,3,,1
1917,1367078,545,0.53,295144,,5,6,2667330.0,0.82,5,0.27,0,0.9,1
1918,2104727,770,0.71,1977075,17.0,6,7,1448586.0,0.58,30,0.5,0,0.95,1
1919,2179454,722,0.22,1775575,17.0,8,6,1605752.0,0.53,15,0.42,3,0.39,1
1920,1865630,364,0.67,1294360,3.0,0,4,570819.0,0.71,30,0.19,3,0.79,1
1921,468408,312,0.58,984137,16.0,7,1,1950660.0,0.87,24,0.33,3,0.62,1
1922,618276,512,0.81,826505,24.0,7,11,807040.0,0.67,47,0.73,5,0.08,1
1923,1164920,541,0.77,1002164,13.0,5,9,2440282.0,0.79,45,0.67,4,0.82,1
1924,2304697,792,0.32,381119,13.0,3,4,1037886.0,0.79,32,0.07,6,0.68,1
1925,661411,512,0.28,1261820,12.0,2,7,2443292.0,0.42,12,0.75,7,0.2,1
1926,1034377,637,0.88,502413,6.0,2,7,2154828.0,0.35,51,0.05,3,0.08,0
1927,2260376,472,0.5,1199734,11.0,5,2,1584424.0,0.82,9,0.54,4,0.84,1
1928,190738,463,0.82,1026351,22.0,7,1,1099044.0,0.44,23,,2,0.08,1
1929,2048739,764,0.19,1896585,14.0,6,8,1033388.0,0.91,9,0.59,0,,0
1930,1379336,796,0.6,913731,18.0,0,8,2784975.0,0.16,40,0.26,0,0.43,0
1931,1167433,694,0.74,856608,30.0,5,7,451989.0,0.15,30,0.98,7,0.13,1
1932,616725,607,0.86,1162548,10.0,6,14,819555.0,0.93,12,0.31,7,0.91,1
1933,1324737,482,0.34,956450,14.0,6,8,665078.0,0.68,2,0.24,1,0.47,1
1934,1731530,809,0.67,1581583,11.0,8,3,717997.0,0.44,58,0.28,2,0.57,1
1935,994193,845,0.51,1532795,2.0,9,11,,0.78,49,0.9,6,0.93,1
1936,2237258,526,0.1,332140,,4,2,148469.0,0.71,51,0.64,7,0.53,1
1937,448512,735,0.64,1723786,2.0,0,7,2337422.0,0.58,33,0.73,3,0.35,1
1938,812143,721,0.64,1971606,18.0,1,8,1116136.0,0.19,48,0.92,3,0.8,1
1939,1400155,320,0.84,1658795,19.0,3,1,516394.0,0.83,27,0.91,6,0.44,1
1940,1146530,696,0.47,698456,3.0,4,12,,0.88,18,0.74,5,0.32,1
1941,921253,404,0.25,1265358,2.0,8,10,520112.0,,22,0.2,2,0.72,1
1942,2226696,491,0.09,1221675,25.0,0,9,1103519.0,0.87,44,0.84,3,0.8,1
1943,1528246,316,0.4,608981,15.0,2,13,2704114.0,0.89,31,0.2,7,0.79,1
1944,2186915,419,0.31,158944,11.0,4,11,2646785.0,0.59,12,0.74,1,0.98,1
1945,533152,692,0.7,1847519,7.0,2,4,1298071.0,0.69,32,0.69,4,0.79,1
1946,1104652,724,0.35,1830438,23.0,3,14,,0.44,33,0.76,0,0.77,0
1947,2341422,428,0.86,1902382,28.0,2,12,2418853.0,0.35,32,0.53,2,0.86,1
1948,1195482,429,0.87,297572,28.0,3,14,1050482.0,,55,0.64,0,0.0,1
1949,1989765,328,0.58,1442191,16.0,0,4,532249.0,0.88,4,0.95,4,0.36,1
1950,1741961,396,0.84,1668777,6.0,7,3,2090178.0,0.69,55,0.1,2,0.74,1
1951,1864331,309,0.7,247097,10.0,3,6,189773.0,0.56,2,0.31,7,0.6,1
1952,2088900,541,0.51,880948,17.0,6,1,342808.0,0.24,59,0.61,4,0.18,1
1953,2405920,531,0.2,662084,0.0,1,6,1129775.0,0.15,6,0.96,3,0.3,1
1954,1445302,583,0.44,338213,2.0,1,2,2196916.0,0.5,23,,6,0.34,0
1955,720451,499,0.53,1023737,3.0,5,9,2047298.0,0.14,21,0.02,3,0.57,1
1956,169816,378,0.78,1183387,12.0,1,2,1170933.0,0.61,44,,7,0.83,1
1957,1117344,472,0.46,1288697,5.0,5,7,1391449.0,0.44,22,0.05,6,0.93,1
1958,1354565,766,0.81,1855756,25.0,1,12,2518929.0,0.78,29,0.91,3,0.75,1
1959,1819595,715,0.62,430172,13.0,3,1,2409864.0,0.38,59,0.72,4,0.84,1
1960,1188896,748,0.17,1662042,4.0,6,12,2992933.0,0.63,17,0.68,4,0.47,1
1961,1724623,386,0.9,1917829,15.0,7,7,859734.0,0.58,31,0.52,4,0.39,1
1962,283554,400,0.5,504151,14.0,2,5,1012884.0,0.1,55,0.78,0,0.39,1
1963,414223,307,0.38,591287,14.0,8,8,1667832.0,0.17,52,,7,0.62,1
1964,2118797,499,0.61,1554314,29.0,1,4,2257728.0,0.36,6,0.39,4,0.12,1
1965,1258252,804,0.14,1399432,3.0,7,12,1872154.0,0.89,32,0.49,3,0.58,1
1966,1940380,386,0.59,1294199,,7,10,2707834.0,0.23,4,0.11,1,0.67,1
1967,1813261,342,0.47,745532,26.0,3,7,913605.0,0.74,48,0.42,7,0.44,1
1968,1816471,684,0.4,345866,,0,6,1510399.0,0.98,27,0.32,4,0.95,0
1969,2467330,734,0.86,847057,27.0,0,5,16939.0,0.81,7,0.04,1,0.61,0
1970,1348097,707,0.49,248237,,1,4,2056547.0,0.32,14,0.14,6,0.22,0
1971,576752,782,0.24,581147,29.0,8,7,2541083.0,0.92,51,0.76,3,0.48,1
1972,738365,316,0.44,1009113,3.0,1,12,306604.0,0.18,3,0.02,4,0.68,1
1973,974690,447,0.83,1010811,12.0,1,5,2032656.0,0.52,33,,0,,1
1974,853662,576,0.2,685274,25.0,5,5,2296446.0,0.9,4,0.09,0,0.08,0
1975,1455585,531,0.23,1855518,27.0,6,1,2159271.0,0.68,32,0.8,6,0.58,1
1976,1336293,665,0.06,1382559,,6,2,2787833.0,0.47,56,0.9,1,0.95,0
1977,1580491,527,0.06,1387936,1.0,8,5,1458251.0,0.36,4,0.94,5,0.49,1
1978,1749601,735,0.75,889385,30.0,5,13,1003750.0,0.44,37,0.87,0,0.91,1
1979,450709,698,0.67,1576273,2.0,7,3,1267403.0,0.56,33,0.29,7,,1
1980,2050163,510,0.35,1552385,21.0,5,14,1315777.0,0.39,57,0.33,0,0.15,1
1981,1384816,690,0.64,99522,7.0,1,13,149805.0,0.97,25,0.43,0,0.71,0
1982,1775351,798,0.39,280233,23.0,0,2,1854165.0,0.94,0,0.14,3,,0
1983,2114956,839,0.86,448102,14.0,4,14,1870038.0,0.88,3,0.02,0,0.25,1
1984,1473062,790,0.87,1471969,10.0,8,14,2247837.0,0.48,38,0.87,2,0.69,1
1985,1509490,741,0.38,57485,30.0,7,4,1681476.0,0.72,53,0.55,4,0.74,1
1986,1277199,560,0.78,1523247,8.0,3,4,377224.0,0.91,25,0.61,6,0.18,1
1987,1167289,649,0.71,1865920,6.0,4,4,1918036.0,0.87,32,0.93,0,0.91,1
1988,2060637,651,0.31,162701,12.0,4,4,479498.0,0.47,32,0.67,5,0.75,1
1989,1057425,819,0.25,257352,1.0,5,3,1184836.0,0.2,7,0.69,7,0.93,1
1990,2430827,619,0.44,1725502,7.0,2,13,238178.0,0.17,19,0.79,5,0.32,0
1991,1935910,437,0.71,234514,6.0,4,12,259418.0,0.62,15,0.12,0,0.94,1
1992,802465,849,0.87,495093,23.0,1,7,2126832.0,,20,,0,0.37,0
1993,1406182,667,0.7,848658,11.0,9,9,234433.0,0.86,44,0.97,2,0.05,1
1994,226218,519,0.78,667693,18.0,0,12,2026199.0,0.36,54,0.92,0,0.76,1
1995,920044,636,0.56,1907596,6.0,0,5,364446.0,0.25,55,,0,0.7,0
1996,1534775,522,0.76,1308624,9.0,9,4,2564768.0,0.44,25,0.45,4,0.6,1
1997,1885416,659,0.72,1785645,28.0,6,11,448934.0,0.42,22,0.86,5,0.49,1
1998,628446,628,0.37,1055535,24.0,1,2,2657885.0,0.22,17,0.05,2,0.03,0
1999,612052,762,0.52,87019,15.0,3,2,1047725.0,0.71,30,,5,0.62,1
2000,1878096,681,0.73,1012452,2.0,4,5,1578660.0,,51,0.41,2,0.42,1
