income,loan_amount,credit_history,age,balance,default
48694.0,164139.29,6,26,150445.42,0
61340.29,197769.68,8,21,174666.33,0
45055.69,167471.53,4,23,125233.29,0
72917.41,248711.22,8,12,168295.62,1
61992.09,178622.74,10,20,208148.77,0
37950.39,152314.63,1,21,107656.27,0
61940.92,237567.59,6,28,115303.27,1
57003.68,211901.57,6,25,126556.94,1
60479.92,239957.06,9,52,93943.05,1
68401.46,270836.34,7,32,100815.65,1
52803.14,281160.56,2,52,-13332.1,1
58160.89,254231.59,6,45,61272.0,1
63686.75,261982.47,10,58,76788.95,1
57729.1,256716.34,5,42,56294.84,1
54462.34,256688.35,4,45,35891.27,1
56001.46,258872.97,4,40,43725.48,1
61478.29,216875.27,10,41,138862.64,1
66264.76,246413.99,7,23,129063.04,1
59566.42,265209.65,6,45,52717.5,1
67540.92,231748.02,7,14,162144.23,1
35893.18,136650.44,3,28,116710.94,0
60004.76,186813.3,8,21,183577.06,0
54318.65,247833.09,5,44,48949.23,1
44403.08,150141.29,5,28,145796.1,0
58647.26,314130.18,7,81,-40638.41,1
68965.97,246963.59,8,22,144214.13,1
61113.61,250336.3,7,44,85044.91,1
69559.32,249401.8,8,20,144633.83,1
37404.89,95717.57,6,28,187696.5,0
58189.98,265419.49,6,48,43228.98,1
64080.65,270484.9,6,36,74470.95,1
52388.24,233020.04,4,39,62116.02,1
59487.29,209270.31,7,23,145820.6,0
56009.95,218207.66,5,26,110620.14,0
44100.98,105388.76,8,25,213316.42,0
57808.44,230398.11,6,31,100943.93,1
61333.45,214117.02,6,15,152139.54,0
41421.04,124287.06,6,28,167524.42,0
62319.48,256784.6,9,57,77140.77,1
59085.17,210710.76,6,17,143743.97,0
63082.52,203212.26,9,21,176730.48,0
47389.61,214414.58,4,46,58673.12,1
61994.55,250497.55,8,43,90162.91,1
56426.74,174451.06,8,23,180835.03,0
70005.11,269055.99,7,25,115674.27,1
52569.24,184358.26,5,19,144687.97,0
56360.93,171585.62,8,22,185114.88,0
5938.53,26476.47,2,58,98055.18,0
57049.81,177231.72,8,23,180466.69,0
64143.12,209892.72,11,36,166930.8,1
58242.85,220687.02,6,26,119901.75,1
81027.96,327418.27,9,32,88260.73,1
70856.66,223981.88,10,17,191997.46,0
64958.71,220612.96,7,11,164899.49,1
45726.17,171775.5,3,19,123982.64,0
55259.78,266559.97,5,56,21337.4,1
41187.77,142800.94,5,31,137045.94,0
59160.14,131873.07,12,18,263396.61,0
57084.01,263340.06,5,48,40034.38,1
66393.35,247408.54,7,23,128124.93,1
59964.41,238144.9,5,28,102809.78,1
28618.03,112104.14,2,33,109827.15,0
62194.85,259102.52,6,39,79830.87,1
59666.16,237161.81,7,38,98837.65,1
72265.51,264684.69,8,19,137462.27,1
44033.19,142694.53,6,28,155114.87,0
29392.71,130052.64,0,25,89818.8,0
59888.29,247140.94,6,36,85795.24,1
65853.11,269812.14,10,56,78240.57,1
64614.45,199169.18,7,6,197405.6,1
64908.15,218607.35,7,10,168131.49,1
58791.04,231373.26,6,33,104396.49,1
66552.83,229164.7,7,15,159974.34,0
56260.67,252946.94,5,40,53965.5,1
26655.5,108370.58,1,28,105915.74,0
45921.15,158858.25,5,28,141372.03,0
70199.06,263715.68,7,23,125453.35,1
33576.38,128338.4,2,28,115674.12,0
72936.63,253884.26,8,16,158979.42,1
56538.94,252646.0,5,41,55959.24,1
33665.62,126160.21,3,34,117501.63,0
62433.23,264868.6,9,55,66249.01,1
55264.78,264244.73,4,47,28649.73,1
62566.06,221921.04,7,21,145378.57,1
28638.93,123293.31,1,35,91857.4,0
64451.24,227290.74,5,8,152914.22,0
70784.64,294638.24,7,33,78135.52,1
63940.38,268732.55,6,33,77422.38,1
62351.5,247226.68,8,46,96153.76,1
33688.86,123839.53,3,32,121797.04,0
47471.44,152264.23,6,27,160972.34,0
76274.77,309050.51,8,31,88941.27,1
70526.36,225342.99,8,5,192701.03,1
65774.13,219921.43,8,20,167414.76,0
55513.27,233475.13,5,37,80506.87,1
34242.85,128603.38,3,30,118698.2,0
47595.31,176164.96,4,21,127435.61,0
48745.9,161862.98,7,31,152246.22,0
40949.81,167901.21,0,14,103833.46,0
54755.72,204078.54,4,13,129987.76,0
61462.52,229720.95,6,25,125452.41,1
59326.15,243528.28,8,51,82031.09,1
63406.67,264133.99,6,33,81592.38,1
52330.11,180600.58,6,26,146560.74,0
65872.79,251372.87,7,25,118277.42,1
65281.42,254935.11,10,48,100502.56,1
59632.18,247704.63,8,49,78515.87,1
61674.44,238230.7,10,53,103268.51,1
40599.99,104674.25,7,27,193269.3,0
64394.98,233142.81,7,21,138947.91,1
58662.35,230438.19,8,44,100712.45,1
73470.22,298696.33,7,30,88767.77,1
49945.14,155635.36,7,26,170537.13,0
62047.97,238868.75,7,34,111410.37,1
4960.61,40630.5,-2,40,77789.74,0
54735.44,212450.68,5,26,112137.79,0
61457.24,213585.83,8,25,149894.84,1
58453.06,200935.55,7,24,151987.01,1
27652.87,93783.95,4,43,127965.44,0
59000.34,254765.73,5,36,68760.47,1
57847.98,182233.72,8,22,177594.85,0
49821.77,138560.52,8,23,196841.05,0
60144.61,218340.06,4,7,141996.28,0
29588.37,123844.71,1,28,99478.73,0
66679.83,192760.98,10,18,214840.77,0
58568.72,210139.4,7,25,138538.74,0
53442.94,258585.47,2,31,32427.66,1
58992.15,191504.69,7,19,171589.43,1
62126.39,229511.48,9,42,123036.28,1
77439.26,291178.72,8,21,126739.79,1
68174.31,248429.37,5,2,145043.02,0
60816.84,244913.01,8,45,91120.61,1
59513.86,248758.62,6,41,78988.79,1
54143.72,217341.39,5,32,98818.99,1
69897.07,228844.01,8,8,182477.12,1
57277.06,164188.27,9,21,202279.64,0
71775.78,281386.27,7,28,105814.1,1
67476.03,221692.92,8,14,176859.51,1
69446.55,254532.94,4,-1,144066.55,0
27172.23,113230.94,2,36,98530.5,0
58199.72,187436.29,7,14,174807.77,1
37367.91,129655.17,4,30,134993.0,0
57090.17,205260.09,6,25,137265.16,1
57507.42,257086.65,5,44,53711.85,1
42236.06,148848.82,5,29,134696.53,0
58534.36,236880.05,7,42,91152.82,1
60862.99,251372.37,6,36,85052.77,1
63497.75,186220.99,10,19,205797.93,0
56081.57,209371.88,6,25,124984.9,1
62264.23,202019.48,8,21,173734.93,0
64844.76,245372.65,12,60,107937.15,1
59368.11,210380.52,5,11,147978.04,0
59723.28,192171.24,6,9,178598.04,1
58764.58,260447.16,5,40,57456.79,1
58614.29,227995.04,6,29,109920.68,1
56119.15,277576.21,4,49,12556.41,1
40416.02,84380.41,8,25,223583.94,0
61506.16,250110.24,6,33,91863.23,1
61592.13,233057.47,8,34,117555.25,1
59522.58,204038.07,7,22,154326.2,0
51404.41,166817.57,7,25,162374.51,0
47029.24,144490.07,7,26,170505.08,0
87045.2,323449.16,10,21,133925.72,1
53312.71,188549.83,5,18,143239.93,0
35382.98,133138.14,3,28,119050.39,0
59710.93,181823.81,9,21,189657.21,0
55158.8,254515.5,5,50,41478.87,1
59607.29,215078.28,7,28,135867.3,1
58321.21,245020.76,8,51,74028.26,1
60896.61,243063.83,6,30,99950.58,1
57107.08,205387.69,6,21,138672.08,1
57104.6,240805.53,6,40,77604.43,1
42225.48,154949.99,3,25,127073.94,0
62365.44,260456.7,8,52,73765.99,1
78365.58,302407.83,9,27,112985.01,1
40878.21,116614.99,6,27,176398.47,0
61061.87,185956.67,10,25,189531.7,1
46290.62,125623.77,8,25,195171.8,0
60144.79,257099.59,8,56,64549.55,1
57448.34,269560.43,5,48,32726.84,1
54186.32,261383.2,3,40,29358.25,1
23117.95,112910.96,-2,22,80716.03,0
34963.26,138693.38,2,27,108523.99,0
54197.26,243743.76,3,32,59104.78,1
55720.2,163941.17,8,22,193034.05,0
44603.74,167508.4,3,22,122967.69,0
56263.86,245315.94,4,33,68344.58,1
53973.0,239592.38,4,37,62349.0,1
56645.35,231290.03,4,26,94504.3,0
31653.64,131179.31,0,22,102515.27,0
59532.25,229838.46,7,34,110582.47,1
39300.45,149508.8,3,30,116273.03,0
62861.0,263288.48,8,51,72745.12,1
41038.55,153437.94,3,27,121631.03,0
52478.72,211006.66,5,33,98463.91,1
56052.06,251877.01,4,37,55798.99,1
56675.43,214645.49,6,29,118981.71,1
63729.28,274212.54,8,55,59550.0,1
58927.84,203515.21,8,31,148259.21,1
52910.0,197793.37,5,25,123953.48,0
62883.92,236889.13,11,53,112167.4,1
65799.48,245635.2,7,23,127280.88,1
54253.38,150907.73,9,22,204551.82,0
30820.08,70388.46,5,29,187443.26,0
77005.72,343042.98,7,44,36852.29,1
58843.83,240031.89,7,40,88935.48,1
68657.27,250635.69,7,21,137199.03,1
40988.93,153381.12,3,22,123321.63,0
57719.02,215926.52,6,26,124232.01,1
60712.21,285604.19,8,70,19175.9,1
33660.81,112361.7,5,41,135659.2,0
36765.08,140667.38,3,32,114293.07,0
69997.17,242142.66,8,14,160577.42,1
41855.61,139024.22,5,31,146698.12,0
63336.82,272706.53,6,41,64967.9,1
41845.19,83052.61,9,24,234219.72,0
58376.44,189119.26,8,23,169937.16,0
66915.77,299085.09,6,42,45231.94,1
36745.72,108031.72,5,29,164879.98,0
60364.47,220812.11,6,22,133584.31,1
63486.45,222152.17,10,40,143036.11,1
61946.98,269657.98,8,52,57229.91,1
69048.27,212530.72,10,18,198608.62,0
63491.64,245110.12,10,51,103959.7,1
41679.41,104004.8,7,26,200675.01,0
69659.47,219707.52,10,18,191170.09,0
62578.55,223792.41,5,10,146878.64,0
62305.88,212050.15,7,17,160351.61,1
70063.29,220949.42,10,17,191874.96,0
27426.52,88836.31,3,34,137747.42,0
62288.39,193160.47,9,20,187683.15,0
48872.18,155334.19,7,26,164813.82,0
39062.46,160932.35,0,15,103238.9,0
57966.62,267583.96,5,48,38857.9,1
65773.84,214481.57,10,26,173353.61,0
19839.35,88753.82,0,36,92955.72,0
70251.66,288528.38,7,33,84190.43,1
57801.43,291261.72,4,52,178.29,1
50901.19,147273.72,8,24,189542.02,0
57975.31,195239.83,7,25,157455.83,0
49107.8,170185.84,6,27,143060.02,0
57654.64,224016.61,7,41,106022.27,1
63556.18,222765.1,11,44,140840.28,1
55203.52,259798.13,5,47,34827.22,1
49849.3,182638.41,3,14,133341.44,0
72111.5,262173.06,8,20,140019.57,1
59471.59,285479.35,6,57,17042.36,1
37090.07,99664.59,6,28,179866.75,0
50792.51,149603.44,8,24,185254.21,0
72772.51,267924.28,8,21,134863.87,1
59068.01,210409.15,8,32,138112.62,1
63636.59,203728.88,9,21,179305.5,0
61070.61,208631.81,10,39,150087.36,1
71394.48,297118.22,7,33,77794.93,1
68375.7,264401.83,7,29,111475.3,1
66277.2,251362.81,6,22,121760.62,1
63227.43,250766.91,6,30,101953.46,1
60918.64,291111.7,7,63,14620.27,1
58453.13,210359.45,5,18,140067.68,1
48182.92,173802.83,5,23,133616.27,0
67151.69,217214.71,7,7,184698.95,1
59652.27,213158.48,6,20,142173.08,0
63951.37,271181.42,6,38,72022.76,1
52976.2,183805.11,5,21,147336.67,0
59568.74,272022.24,7,59,37038.56,1
32136.61,125443.44,2,30,110890.68,0
45109.44,140651.49,6,27,164906.54,0
52492.23,300059.77,1,49,-43017.0,1
65218.81,219185.59,8,17,166408.12,0
55757.64,246216.4,4,32,64414.84,1
47511.33,179268.27,4,24,121028.2,0
54422.69,224747.66,5,36,87674.33,1
70277.57,262253.73,7,22,128410.41,1
59364.88,214988.5,7,30,133838.32,1
55930.59,263206.3,5,50,32913.99,1
62047.49,269080.43,9,59,55983.73,1
76415.93,320811.49,8,36,70222.08,1
52976.66,238451.02,3,31,60476.58,1
64644.81,192471.11,13,39,195223.57,1
55456.72,171268.18,8,23,180185.65,0
63659.12,259001.72,7,40,87962.96,1
39731.78,136289.89,5,30,138756.41,0
57844.08,200683.35,7,22,149720.12,0
60221.23,190527.82,9,24,178325.44,1
68398.53,245694.45,5,3,150039.19,0
79182.64,288538.75,9,18,142007.34,1
60023.83,251052.99,5,34,81089.85,1
59643.27,274961.05,5,45,38546.24,1
60020.62,190695.45,8,21,177781.04,0
46480.05,169899.71,4,20,130766.23,0
81000.67,277416.49,9,11,172455.67,1
52356.38,188331.35,5,19,137566.13,0
33048.07,117808.62,4,36,125683.07,0
62028.54,206324.66,8,21,165766.92,0
61795.3,262671.65,8,53,66746.73,1
-3935.18,2470.21,-1,54,78453.1,0
60514.76,283919.88,6,55,26185.27,1
53612.11,255346.89,3,40,34906.59,1
63577.11,228480.99,9,39,134424.07,1
51963.96,191230.69,5,27,127837.89,0
31142.59,128198.13,1,27,102323.46,0
52426.18,128448.22,9,21,228219.08,0
59156.05,252802.95,4,31,74723.53,1
66663.16,210543.04,8,8,191489.37,1
47233.99,132454.27,7,25,190402.55,0
47624.71,137416.88,7,25,185199.31,0
60477.0,201601.85,8,22,163559.52,0
38748.94,139785.17,4,28,128630.42,0
63787.65,253045.03,6,31,101353.99,1
61160.5,256787.07,6,38,77801.97,1
31292.44,74102.85,6,30,184258.25,0
56673.79,237591.06,7,46,77427.03,1
51554.84,251666.14,2,34,30967.54,1
50507.61,128950.43,9,23,215516.3,0
63121.81,266551.84,6,37,74550.04,1
54008.7,189700.44,5,20,144643.67,0
71028.3,264325.53,7,18,131322.57,1
45532.55,175186.29,5,32,112701.9,1
57026.71,247895.63,5,37,67339.0,1
37176.55,147605.28,2,26,108217.44,0
47512.33,130464.18,8,25,194964.04,0
46384.32,163826.22,5,29,136304.89,0
74489.17,286201.26,8,25,115616.65,1
53511.07,184962.45,6,26,146788.34,0
38729.46,144056.27,3,25,123119.44,0
37234.24,146861.02,1,19,112414.88,0
32292.64,111721.17,4,37,130268.57,0
53409.78,196163.37,5,20,131621.59,0
63130.47,252488.98,8,42,93941.2,1
38247.63,146721.8,2,21,117941.22,0
67840.93,251730.62,11,51,119157.77,1
59527.25,179657.33,9,22,191433.92,0
58981.65,195800.87,6,14,166616.14,1
49691.16,135998.57,8,23,200012.07,0
57458.27,202975.28,8,38,137902.92,1
41330.01,156935.18,2,19,120860.23,0
68449.87,241051.43,7,14,153073.33,1
72271.88,248698.21,9,17,162706.54,1
54640.34,167729.51,8,23,180725.67,0
59554.21,226683.33,6,28,118015.43,1
31678.65,114433.92,3,30,125005.87,0
51619.04,187377.67,4,19,134722.55,0
64051.17,244331.17,8,39,112967.49,1
57061.6,201736.21,4,11,147804.35,0
59663.29,252541.17,7,47,71861.52,1
58767.19,282589.28,4,44,22152.48,1
47188.1,112030.57,9,23,221843.98,0
57521.82,200906.24,6,23,147212.17,0
13882.59,61800.09,0,41,97291.01,0
59003.95,164014.38,10,21,212480.11,0
21255.19,102607.94,-1,28,83108.66,0
59717.93,187701.91,8,21,180569.44,0
63145.26,222751.15,11,47,137357.15,1
55151.75,209984.4,6,28,117376.69,1
56837.3,215640.31,6,27,119258.83,1
80161.97,271553.44,9,11,176228.1,1
62275.15,225135.92,8,34,133766.76,1
49198.86,174093.54,5,26,138058.09,0
50958.83,225223.13,4,39,65591.3,1
53744.32,182050.65,6,18,155441.32,0
62421.76,237860.12,8,40,112883.22,1
60971.87,243901.71,6,32,98353.02,1
37002.05,131409.8,5,36,128069.37,0
36726.34,107551.49,5,29,165251.81,0
41955.07,160123.86,2,21,118850.75,0
57877.72,274337.12,5,53,26274.54,1
74790.24,220234.6,9,-3,228442.97,1
63935.37,231455.7,10,41,131201.85,1
47193.12,157811.97,6,27,150927.91,0
42102.82,144801.88,5,29,140297.52,0
57921.96,208708.25,6,24,137335.51,0
75480.86,302838.44,8,32,93449.87,1
59866.51,273543.63,8,63,35051.41,1
44463.29,141835.86,6,27,159127.41,0
50072.81,198850.41,5,31,103608.47,1
56004.6,203887.34,4,9,138991.38,0
38897.58,148781.59,2,23,117812.16,0
51670.67,134374.07,9,22,214565.85,0
83315.92,329567.11,9,32,98679.86,1
42855.04,166587.12,2,18,115433.54,0
56282.87,183646.21,7,23,165897.15,0
28060.26,95894.44,4,39,128714.23,0
55040.63,265858.71,4,50,23436.56,1
42641.92,126195.8,6,28,171927.41,0
38967.52,119634.53,5,29,159928.06,0
59994.87,243722.99,7,38,90603.81,1
58009.55,204942.08,5,15,146913.47,0
23087.09,96801.35,1,32,100978.3,0
61320.31,284718.78,8,68,24563.31,1
54811.17,280918.2,2,45,1235.08,1
38854.27,96837.34,7,28,194486.8,0
45433.84,152860.47,5,28,147862.69,0
57069.74,195009.25,7,24,153099.08,0
55431.15,203759.33,6,26,129282.26,1
60684.24,161306.47,10,18,227476.88,0
22212.47,40120.1,5,33,181552.7,0
52417.94,148808.07,8,24,196254.42,0
64109.02,283160.17,9,66,43991.04,1
42284.48,89790.38,9,26,226113.16,0
31461.79,120709.42,2,29,114717.15,0
63113.42,243403.27,6,26,113820.35,1
35427.48,136098.68,2,24,116310.5,0
18243.0,86286.54,0,35,87801.6,0
62880.81,261942.74,9,55,73367.68,1
42261.08,174774.17,0,14,101247.78,0
47499.29,179616.42,4,28,119077.37,0
22049.41,80408.06,3,42,116226.55,0
54099.88,158649.33,8,23,191299.18,0
56722.35,261465.39,4,37,45021.53,1
70250.53,260383.96,8,25,130173.73,1
63550.19,225114.69,10,40,138992.33,1
64577.39,237013.52,7,24,132903.68,1
49694.24,115873.01,9,21,231222.23,0
33884.43,133707.07,2,30,108497.16,0
62045.4,231563.43,9,40,120195.3,1
69294.7,232328.07,8,14,171520.83,1
66151.1,203226.85,7,4,201105.61,1
48958.41,172285.64,5,25,140007.96,0
51920.74,182593.59,6,26,141096.64,0
42282.49,156943.63,4,29,122851.18,0
31694.15,79631.29,5,30,178009.28,0
58653.44,241348.28,8,53,80661.31,1
58868.6,282323.68,6,57,18044.74,1
52419.65,172626.88,7,25,159549.32,0
56446.02,184822.54,7,23,165258.53,0
58854.88,226312.64,8,39,109937.72,1
63035.88,218353.09,7,18,154663.2,0
57305.34,243120.34,5,33,77864.76,1
61450.34,249630.26,6,31,93051.74,1
59472.12,256526.95,6,42,66784.35,1
43777.36,158022.57,4,25,131142.47,0
31108.25,76669.63,5,31,178838.34,0
57096.95,268581.57,6,56,29236.51,1
48762.66,223378.47,4,46,52876.69,1
66982.34,271515.48,7,33,91034.1,1
53039.72,169373.01,7,24,168390.41,0
60712.43,216674.22,9,35,136942.45,1
55965.37,267170.48,3,40,30639.5,1
54059.99,185972.83,5,18,151440.47,0
66935.63,287314.96,7,41,63802.29,1
63117.0,323088.92,5,59,-19872.57,1
54863.8,217295.48,5,32,103357.32,1
62045.91,261179.49,8,53,70514.79,1
80982.03,275327.18,10,12,175025.67,1
68038.07,198419.85,10,16,214658.04,0
65904.6,255227.95,11,54,101568.89,1
59862.91,219451.38,4,12,136892.9,0
38947.29,132391.14,4,30,140305.4,0
62518.19,229581.33,7,24,132170.96,1
32832.98,117154.2,4,39,124455.47,1
38246.2,145663.17,3,25,117700.7,0
58998.0,263718.53,7,53,48730.5,1
52822.71,185149.72,5,20,144634.33,0
63903.08,219230.44,7,19,157887.17,1
55922.34,210953.53,3,10,127262.99,0
84011.47,295445.33,10,15,160856.1,1
33095.18,70588.17,7,29,200274.84,0
38642.1,147666.24,3,27,116265.93,0
59952.03,250477.55,8,50,75606.45,1
60977.3,236603.41,6,31,110010.86,1
59350.17,236238.02,8,45,95505.65,1
53055.03,315746.58,2,64,-69185.86,1
56665.2,262339.04,5,45,40400.95,1
27742.1,103876.42,3,38,115314.69,0
59634.53,262417.64,5,40,59437.77,1
60065.52,171752.37,9,21,207142.99,0
58534.57,286264.41,5,57,10170.97,1
54580.02,195868.49,6,26,136457.18,0
83307.13,286456.16,9,10,172469.88,1
61357.62,222263.86,5,15,139970.96,0
58827.58,205565.06,7,23,147606.83,0
41145.93,132686.25,5,29,153141.62,0
21900.03,92580.36,1,35,99558.41,0
44448.87,120413.69,7,26,192019.73,0
59228.36,181371.32,8,21,187411.88,0
48603.62,160068.32,6,25,156438.89,0
74051.32,246383.1,8,10,179373.69,1
61564.82,226264.28,8,37,126882.86,1
62032.25,222805.78,9,35,135399.89,1
50670.92,206336.72,5,37,93434.36,1
57278.71,190671.68,6,18,162989.69,1
70238.66,256200.51,7,18,139154.15,1
60878.98,228953.63,7,29,121670.45,1
39115.93,134439.92,5,35,136318.56,0
59210.77,282456.79,5,50,22605.84,1
23355.73,106243.62,-1,23,91617.62,0
58003.98,175725.5,8,21,188720.91,0
67886.16,260314.63,7,25,116468.67,1
61096.24,203989.58,9,28,161385.39,1
51490.31,153452.17,8,24,183696.93,0
23789.2,103644.75,0,30,95630.08,0
56670.99,176830.68,8,22,178966.47,0
49167.48,178277.33,4,22,133145.73,0
79221.68,334283.54,8,39,64699.62,1
45539.53,164976.97,4,22,132138.51,0
69229.69,234925.83,8,15,166794.25,1
60521.88,185788.31,9,21,188387.78,0
36694.07,123345.2,5,33,139475.44,0
60810.28,240866.38,8,42,98090.62,1
62681.14,232868.19,6,24,128231.45,1
61954.95,271467.98,7,50,55517.66,1
56626.85,192621.07,6,17,156562.07,1
29388.39,127608.98,-1,20,95363.04,0
55184.07,186866.01,7,26,153575.14,0
71507.23,277149.32,7,27,111206.91,1
52546.31,170900.89,7,26,162596.9,0
59253.47,201522.2,7,20,157538.24,0
78623.59,262626.77,9,9,181612.9,1
60858.29,307612.36,6,64,-11348.54,1
42868.77,158372.93,2,16,128975.64,0
33142.88,121719.18,4,36,120352.53,0
72804.98,259664.71,8,19,148572.04,0
43165.02,156667.21,4,26,129411.95,0
60936.95,207010.38,7,16,160410.4,1
56908.22,215062.22,6,29,119516.11,1
50540.62,187633.21,4,17,128906.96,0
61914.27,259924.69,7,45,74607.74,1
62567.44,250592.99,9,48,91409.41,1
43768.77,139337.3,6,27,158796.15,0
58275.07,276372.34,6,56,24115.21,1
66555.61,229914.18,8,21,156285.83,0
47817.74,169942.04,5,25,136609.73,0
21756.61,93419.69,1,37,96607.93,0
40053.06,116935.84,6,29,170705.07,0
55932.74,265846.97,3,37,33867.71,1
66407.86,305417.73,6,48,30393.38,1
48923.5,187839.16,2,14,120261.01,0
59638.76,205876.31,6,18,153590.12,1
57651.28,260132.78,5,45,49454.24,1
42659.6,106072.35,8,25,203576.31,0
64431.73,234179.07,7,23,136614.62,1
59651.45,220821.51,6,24,128665.71,1
57098.77,219281.41,6,33,112808.34,1
41249.45,147374.84,4,29,131135.07,0
63303.09,320216.83,6,61,-15116.0,1
56692.11,205503.3,6,26,133952.12,1
37862.04,143230.99,3,29,117791.21,0
62173.24,252285.43,6,31,93025.51,1
57842.64,173435.45,7,9,196121.25,1
57129.9,252127.17,5,43,59182.14,1
59425.22,280319.34,5,52,26551.12,1
41441.96,154234.46,3,25,123488.72,0
57317.7,272341.58,5,49,27528.56,1
64123.84,212567.47,12,44,159647.25,1
54633.83,228767.05,5,36,82950.69,1
59824.19,266039.41,6,46,52797.44,1
44471.98,125064.99,7,26,185029.46,0
37818.17,131060.69,4,26,137245.71,0
55305.09,166793.99,8,23,186107.1,0
54702.68,253153.74,3,32,47965.17,1
54140.89,162144.01,8,23,186178.97,0
69579.47,289001.74,7,37,78147.12,1
64880.09,214102.82,8,21,170704.64,0
37474.44,124725.73,4,30,143177.57,0
63154.98,236400.49,11,54,114113.16,1
56242.57,201458.41,5,15,141799.24,0
52294.27,238876.91,2,27,57408.78,1
70542.08,260268.27,7,18,134520.11,1
57420.16,140803.09,11,20,239096.87,0
66639.5,254605.5,7,27,116992.63,1
42735.03,129691.66,6,28,167264.73,0
64250.79,222799.84,11,42,145942.67,1
46022.5,167601.68,4,20,131741.62,0
27849.69,130876.63,-2,21,81377.56,0
60001.77,221940.38,7,31,126693.15,1
40952.02,160193.59,2,22,112696.37,0
8417.14,53359.24,-1,44,76957.23,0
56806.65,196301.62,6,21,150794.61,0
66579.6,251882.38,7,25,121707.19,1
37442.27,113008.72,5,30,160777.71,0
58099.44,226013.26,8,44,104125.47,1
48717.77,154913.77,7,26,164444.54,0
62772.08,188381.82,9,20,197760.32,0
71085.92,203910.57,11,15,224454.33,0
25285.66,102597.91,1,33,104562.17,0
63824.59,239992.69,10,49,114345.12,1
58791.42,198323.82,8,27,157042.36,0
54418.09,226252.09,5,35,85778.9,1
67953.07,217584.37,9,19,184215.34,0
65240.58,200081.36,7,6,199883.94,1
59083.23,213179.66,6,24,137060.61,0
56694.45,230284.7,6,37,92116.45,1
64344.68,232647.63,7,21,139524.98,1
56947.72,290231.63,3,50,-2482.9,1
61319.96,283396.27,6,50,33502.27,1
50092.26,139064.55,8,24,197424.67,0
80275.24,285023.88,9,16,154638.55,1
53110.27,183197.77,6,20,149295.85,0
54704.81,151018.31,9,22,206745.72,0
28580.36,90614.12,5,46,137291.78,0
21363.03,80235.53,2,41,112755.1,0
58090.42,234893.17,7,45,90296.89,1
44012.84,165237.97,3,23,122680.02,0
53655.87,257171.24,2,31,35834.25,1
70104.0,270202.75,8,34,111102.08,1
62772.67,185580.41,7,1,209478.86,1
61362.07,242785.64,6,32,102203.31,1
60505.57,244253.24,6,36,93575.87,1
34809.65,93253.55,6,29,175882.92,0
51908.7,150114.36,8,24,191266.15,0
27815.59,124006.56,-1,20,91965.72,0
63190.64,226528.63,9,38,135298.29,1
66044.02,202661.18,10,19,195803.16,0
48728.39,147714.96,7,25,175814.57,0
62899.62,230319.89,7,22,133993.88,0
33790.52,97273.66,5,30,163668.37,0
49396.04,184360.32,5,27,123463.19,0
59785.94,222935.44,7,31,123684.66,1
59645.72,276422.76,7,57,31764.42,1
48568.01,174350.73,5,24,134765.0,0
61561.57,270229.2,8,54,53552.15,1
50291.32,170858.95,6,26,149286.08,0
59558.95,225305.69,3,3,129561.79,0
61086.36,150932.78,11,18,245617.15,0
65052.12,296792.28,6,45,37045.26,1
60748.5,247937.72,6,33,90722.43,1
57787.87,248311.88,5,39,70315.35,1
62703.04,260091.88,8,48,77746.59,1
60685.83,256548.52,7,44,72794.11,1
54570.76,218829.35,0,0,111493.5,0
78817.79,293178.84,8,20,132256.54,1
59320.77,163814.9,10,20,215194.0,0
58236.82,182780.1,6,11,183306.71,1
48359.39,179435.66,3,18,128198.94,0
71195.98,278319.88,8,30,106650.7,1
34005.92,115592.69,5,39,133410.6,0
24453.39,104426.38,0,29,98665.1,0
70174.5,301369.95,7,40,61681.42,1
62812.31,185458.89,10,20,202670.64,0
59119.5,205314.61,7,21,150501.71,0
10262.57,55736.37,-2,34,88034.26,0
47393.23,148240.94,6,26,166889.51,0
34575.36,124145.49,4,35,125442.71,0
57387.64,234129.08,5,28,93767.57,1
53577.6,153410.13,8,23,196221.37,0
61013.21,275750.37,8,60,39416.56,1
74741.75,275864.42,8,21,134149.64,1
62236.34,245684.12,6,31,103317.62,0
59545.18,237538.57,8,49,93245.93,1
59184.78,252586.54,7,51,67450.05,1
10924.4,63806.95,-2,35,79053.28,0
47746.02,149951.75,6,25,166678.47,0
75132.89,224914.8,9,-3,223119.49,1
52767.79,163630.36,7,24,175704.76,0
48246.38,147240.69,7,25,173915.26,0
52498.05,147072.59,8,23,199513.85,0
56598.63,246518.21,5,38,66806.42,1
52307.94,280054.36,-1,32,-6989.76,1
53243.71,186186.08,6,22,144728.16,0
36243.4,130923.35,4,32,125789.76,0
40392.95,111344.21,6,28,181505.07,0
59386.45,247298.89,8,54,75490.38,1
64779.23,243215.51,7,25,124158.27,1
34235.16,124384.19,4,34,123213.85,0
64958.45,242980.6,7,25,125826.57,1
66860.68,267900.12,7,33,96017.04,1
26200.14,112471.5,0,27,97167.3,0
38207.56,119710.55,5,29,155384.82,0
54103.77,302834.96,0,44,-35822.75,1
60408.58,220487.08,8,34,129840.41,1
49101.39,212510.36,4,38,74485.39,1
34883.03,125291.09,4,34,125920.69,0
61664.52,266785.68,5,35,66545.88,1
58825.22,221107.0,6,24,123529.71,1
57194.7,181949.63,8,23,173994.4,0
58306.08,181442.54,8,21,182024.78,0
39750.3,108126.81,6,28,182429.91,0
57212.6,250479.66,5,40,63532.56,1
67695.25,217930.28,8,10,185368.89,1
36863.66,102142.2,6,28,174660.65,0
62711.55,230698.48,10,47,122749.02,1
78445.6,299563.76,8,24,118859.79,1
37809.79,147921.67,2,24,112282.65,0
56519.2,249787.48,5,38,61239.46,1
66825.8,195023.29,8,0,219039.9,1
63638.34,255436.34,7,34,95677.13,1
44020.53,150079.63,5,28,143541.87,0
51391.14,143916.44,8,23,197780.07,0
36383.84,96448.04,6,29,180107.96,0
62219.17,259359.47,6,34,81363.11,1
42935.46,152165.75,4,25,135128.92,0
60101.25,231388.37,7,31,112600.76,1
64902.43,224823.52,6,7,159685.28,0
6490.74,48849.77,-3,36,75420.93,0
61761.74,225105.33,5,16,137821.53,0
43229.38,142767.4,5,28,150230.77,0
57183.65,257611.17,7,60,44767.51,1
75837.74,308266.61,8,35,85982.29,1
58674.98,243680.43,5,32,85203.78,1
59782.64,241125.7,6,31,96000.49,1
61345.8,266406.52,6,40,63421.19,1
12749.14,58721.81,0,42,94710.37,0
75105.06,282085.6,8,25,125430.15,1
82583.1,286471.6,9,10,168155.78,1
54651.15,164997.41,8,23,184730.39,0
58231.86,199595.06,7,24,152742.26,0
63818.81,225409.12,5,7,152494.85,0
43339.49,148237.98,6,36,139593.72,0
51739.99,172764.72,6,25,155470.39,0
61840.12,270540.34,7,51,55552.43,1
60416.42,268030.06,6,49,52074.63,1
58308.73,180453.82,8,22,182963.24,0
37733.93,124092.08,5,30,145859.1,0
53283.65,173398.59,7,24,163707.3,0
77211.92,251807.8,9,8,190319.42,1
36300.41,127744.08,4,34,130224.53,0
63137.17,218268.98,10,42,146078.06,1
46342.6,166205.3,4,24,134243.96,0
37714.43,139005.49,4,33,121626.55,0
45703.9,150895.67,6,27,152497.53,0
60910.13,223511.4,4,8,138332.1,0
58549.41,204185.62,8,33,144367.12,1
44690.92,151407.65,5,28,145621.32,0
64618.44,228114.8,7,19,148741.79,1
35974.78,110128.64,7,42,152201.76,0
66766.54,241714.48,12,51,128165.45,1
32253.12,134815.21,0,24,99929.96,0
56345.1,207013.23,4,11,135467.18,0
37997.96,144126.76,3,27,118077.48,0
23983.53,99773.58,1,32,101657.4,0
58311.94,200931.71,6,17,153762.54,1
32644.14,131097.57,1,22,108603.92,0
67372.4,281614.24,6,34,77651.93,1
69212.74,262904.73,7,26,119693.64,1
47403.34,153820.19,6,27,158149.15,0
73904.18,252631.99,8,13,167847.52,1
55110.05,273573.29,4,49,12515.39,1
59767.4,258071.38,6,43,65699.32,1
58613.57,202898.73,7,23,150522.89,0
40491.06,149014.48,4,28,124893.54,0
58942.02,222632.51,7,30,119631.59,1
49721.33,144865.2,8,25,186080.82,0
55263.63,231589.44,6,42,80199.27,1
59547.43,273198.53,5,46,40154.49,1
38859.29,143768.08,2,22,125463.57,0
53945.17,200468.45,3,12,131201.51,0
63854.91,204336.51,8,13,182727.47,1
73664.67,315142.53,7,37,62196.32,1
63290.14,245337.93,10,51,102515.04,1
46575.03,157888.87,6,28,146629.78,0
47716.63,167718.66,6,29,138150.9,0
67681.77,184132.23,11,15,234821.82,0
55282.49,193883.97,6,23,144758.39,1
49690.76,177643.61,5,22,137053.93,0
64180.06,284491.49,6,43,51266.15,1
37088.49,137750.88,3,28,122135.01,0
50832.94,191954.58,3,15,124535.76,0
56515.95,254299.72,5,45,51818.07,1
31326.73,94439.97,4,32,152730.69,0
49658.66,133147.06,8,23,204095.05,0
47866.4,174745.99,4,23,130469.89,0
56975.44,213852.84,5,22,124468.16,1
60790.42,235151.72,9,50,103639.3,1
51310.08,196274.14,5,27,116416.28,0
53564.74,199128.82,5,26,125446.41,1
51568.54,196861.46,3,14,121849.96,0
26370.02,66932.6,4,33,165162.33,0
57865.09,199733.37,7,23,150846.5,0
59042.47,235459.45,7,39,97387.18,1
39638.22,159220.73,1,17,108598.62,0
36382.23,108100.19,5,30,162299.81,0
66092.33,203454.44,8,7,199364.68,1
62044.83,245750.38,6,31,102326.81,1
40567.88,154119.73,4,30,116476.59,0
59405.3,279911.01,4,42,30546.96,1
41982.49,125533.97,6,27,169416.06,0
46614.13,174830.98,3,22,123530.78,0
59242.6,242353.06,6,38,88310.87,1
54784.44,208370.43,4,18,121666.08,0
64556.45,241127.95,7,23,126925.86,1
34659.46,122921.67,4,32,128800.92,0
37297.88,140089.29,3,27,119919.92,0
55167.3,264380.38,5,54,25209.92,1
63078.02,228972.69,7,27,135438.99,1
70084.03,248641.92,8,18,149677.97,1
52779.82,183873.73,6,25,144489.9,0
57399.38,205596.5,4,10,144021.05,0
44350.01,175335.32,1,12,113357.39,0
76167.03,294629.82,8,28,111378.96,0
46777.25,160660.39,6,34,141401.12,0
58166.99,223147.84,7,37,111725.18,1
57992.01,235233.61,6,36,92863.08,1
55878.58,230593.43,6,37,86894.76,1
67581.94,219139.65,8,10,182945.81,1
66315.41,261796.18,9,47,96564.24,1
60236.91,258343.54,9,61,61240.24,1
58041.49,283959.86,5,54,11977.99,1
67709.19,222589.39,9,21,174425.13,0
71204.9,313171.82,7,40,49740.83,1
47127.17,165889.38,5,25,139018.04,0
30937.99,135205.5,0,24,91495.54,0
56391.26,250075.68,4,38,59957.14,1
56172.65,235757.53,6,42,79102.3,1
24771.43,101585.68,2,37,101864.05,0
40575.8,148646.08,3,23,127485.68,0
62185.36,245271.95,8,45,98600.92,0
43101.1,145429.94,6,34,142897.99,0
59318.4,200240.3,9,37,153168.7,1
35309.77,130383.24,3,31,121520.0,0
13706.04,62176.69,0,37,97202.92,0
38635.6,131220.38,4,29,140443.45,0
59826.84,258752.1,6,45,64342.66,1
69806.35,238105.43,8,17,164509.51,1
63385.85,226085.32,10,42,135640.58,1
61035.72,243530.27,6,32,99487.41,1
49316.22,182665.76,4,19,128421.44,0
61867.19,203986.24,6,11,172391.17,1
55352.46,264446.17,4,49,28007.33,1
61300.84,196122.71,8,21,177060.75,0
59502.36,242742.7,6,34,90956.2,1
43081.65,162941.53,2,18,122371.22,0
60292.66,254827.38,7,48,71598.53,1
72035.49,248452.28,8,17,161913.43,1
42803.08,135197.87,6,28,159333.5,0
58604.16,273162.14,7,58,30244.34,0
44866.49,138908.01,6,28,165737.9,0
62765.9,218165.76,10,38,145878.23,1
54929.02,299088.2,1,43,-24986.69,1
63895.73,169956.97,12,28,229317.66,1
56878.32,216962.57,8,44,110885.21,1
60564.35,252988.09,7,45,77421.41,1
66444.59,237874.28,7,18,144846.87,1
55626.14,149850.96,9,21,214290.38,0
52235.1,139729.74,9,22,209393.92,0
65188.22,218674.87,7,12,168908.25,1
41918.29,104390.29,7,26,201632.64,0
49208.74,165195.8,6,26,151674.67,0
72756.13,278655.19,8,27,116281.52,1
59711.1,229359.3,7,37,111167.35,1
66648.14,225444.92,8,20,164194.42,0
58933.32,221811.0,7,33,119561.95,1
51807.66,144416.02,8,22,199826.7,0
65586.82,258422.16,7,30,103965.04,1
55572.88,168016.12,8,23,185717.35,0
66428.95,223214.61,7,14,168581.3,1
58794.21,311418.55,5,64,-29085.42,1
30972.69,130229.85,0,20,100684.35,0
35053.16,90717.55,6,29,181128.81,0
62305.96,261101.42,9,59,69718.83,1
57770.0,245756.1,6,42,73183.44,1
61839.62,199023.92,8,22,175588.45,0
67797.19,250772.27,7,23,131259.52,1
49355.7,217098.44,4,39,68752.17,1
65482.8,227346.85,8,21,154079.19,0
62402.3,241750.83,10,52,102547.5,1
40187.27,150217.75,3,26,121777.66,0
74941.81,286522.02,8,23,118569.76,1
22387.6,82384.71,3,47,113237.93,0
73461.21,234856.65,8,4,195563.86,1
41404.79,160404.58,2,22,114988.53,0
41265.86,147368.46,4,25,132912.11,0
47825.79,146064.78,7,25,173008.29,0
33431.78,138774.12,0,21,101940.49,0
59026.36,220549.28,8,40,119468.73,1
41536.74,141941.26,5,31,140252.6,0
40637.4,121501.67,6,29,167155.07,0
31155.78,127377.07,0,19,106443.78,0
57960.62,257178.0,6,45,55783.1,1
58453.06,209451.25,8,36,134525.01,1
61142.03,228582.2,9,43,118576.07,1
71837.31,257656.65,7,15,147476.18,1
30338.98,59163.0,6,30,201367.83,0
18085.69,80601.81,0,36,95148.92,0
65550.18,230922.27,8,22,148707.72,1
62350.71,249041.58,7,39,95933.77,1
58246.4,251637.93,5,40,67778.89,1
52524.12,154599.66,8,24,188056.49,0
35095.88,131935.61,2,27,119752.13,0
61826.26,229471.49,9,45,120514.35,1
46036.91,136189.68,7,26,177330.57,0
16488.76,79189.48,-1,34,88541.76,0
25041.22,76032.87,6,50,137057.59,0
57160.94,241573.34,7,51,72479.08,1
55024.16,216553.95,2,7,115001.49,0
56380.82,183891.11,7,23,166162.75,0
56795.69,278674.63,4,51,13974.74,1
46135.24,122071.57,8,25,199891.48,0
55295.36,149300.18,9,21,213093.09,0
54209.37,168068.32,8,23,177652.86,0
64739.14,230665.42,7,19,145337.28,1
12256.54,55561.09,0,43,96478.74,0
61999.75,156357.54,11,18,242893.32,0
46137.82,160563.19,5,28,139915.55,0
61485.22,235378.01,6,27,116177.84,1
55525.26,244051.97,5,41,62821.84,1
69344.76,267096.91,7,28,113384.52,1
43563.21,151781.62,5,28,138470.3,0
32897.58,114692.86,4,36,129434.43,0
75026.11,254801.97,9,17,169534.34,0
68697.54,230632.32,8,11,171448.22,1
40763.04,123671.38,6,29,164495.74,0
24726.08,94211.29,2,35,113302.8,0
25990.38,112479.14,0,28,95668.79,0
65124.94,194560.28,10,18,202810.81,0
66246.41,235179.72,6,11,150422.38,0
60747.27,230240.02,8,39,115233.91,1
71884.47,248214.59,7,11,163617.86,0
47364.1,244131.85,3,55,10031.85,1
36052.67,141278.56,1,20,113491.21,0
62321.7,265351.45,6,36,72006.46,1
58912.33,279456.8,7,61,21467.44,1
43234.97,147529.08,5,26,143681.8,0
49130.55,135598.08,8,25,196712.27,0
35013.32,138147.05,2,25,110252.11,0
47347.92,164100.91,5,25,142931.6,0
54847.9,213494.28,6,32,108830.95,1
64799.45,257582.86,9,46,94526.83,1
46160.65,131015.12,7,26,185898.5,0
61352.4,137807.98,12,17,267552.58,0
76324.82,248346.64,9,6,190954.27,1
59624.19,282505.53,5,49,25297.51,1
51901.14,252279.28,3,43,28418.13,1
54197.05,211998.33,5,26,109747.78,1
47067.74,238427.04,4,55,16780.99,1
60180.2,233068.25,9,48,103984.96,1
14499.87,60498.66,1,46,100979.88,0
56581.59,223856.47,6,32,103230.95,1
57213.53,247729.98,5,38,68526.76,1
59931.18,218728.66,7,25,133214.44,1
56744.43,245918.48,6,45,65920.38,1
55737.89,221271.55,5,30,103208.31,1
44500.26,122429.63,7,26,189422.29,0
39691.24,136647.51,6,38,135149.37,0
38494.8,139137.91,4,29,127679.33,0
50053.46,181589.94,4,19,134402.03,0
38613.75,120121.32,5,29,157428.51,0
76461.68,221376.69,10,-1,235517.59,1
64442.16,218801.57,7,14,163669.85,1
55822.31,252350.4,5,44,51076.01,1
76482.73,327106.72,8,39,59820.62,1
51784.65,119189.5,10,21,238697.01,0
72866.81,256240.92,8,18,154213.71,0
41718.25,124693.39,6,27,169042.47,0
63730.3,213837.78,7,16,166273.06,1
52302.25,126404.3,10,22,230264.9,0
55493.52,192456.67,6,24,147676.32,0
36941.31,132581.63,4,32,127493.79,0
58553.42,231919.73,7,41,98951.32,1
43500.68,174145.76,1,17,108414.43,0
55941.87,207657.32,5,24,127109.74,1
5086.24,45598.05,-2,45,69087.85,0
60116.62,247376.69,8,49,81620.77,1
58889.42,225788.39,6,31,114331.13,1
68647.83,215926.54,10,19,190596.06,0
51502.74,201292.8,2,13,115138.89,0
62736.08,278562.13,6,45,50883.98,1
43933.22,127426.1,7,26,178248.22,0
57846.18,189355.84,7,23,166664.56,0
51668.41,167648.8,7,25,162681.11,0
59088.74,245278.65,6,35,84339.09,1
14604.75,71832.88,0,39,86681.24,0
46496.2,185032.05,4,29,104600.55,0
67309.72,286103.33,7,38,68844.45,1
43100.04,160291.61,4,28,122633.71,1
46016.86,162168.11,5,27,137180.11,0
63461.04,247289.27,6,27,109662.41,1
57944.87,248246.07,7,47,68596.3,1
30669.38,107829.21,4,42,124769.21,0
58600.99,193349.7,7,17,167286.48,1
15941.06,81074.8,-1,35,82198.26,0
57791.99,200445.2,6,21,149994.17,0
47092.4,179926.12,2,15,121022.94,0
60188.14,236953.47,7,36,102691.74,1
9677.91,43905.69,1,49,96592.88,0
53967.9,190635.15,5,17,144076.14,0
46876.51,137544.87,7,26,180070.76,0
65727.24,243452.25,4,2,138135.22,0
64301.18,219647.08,12,49,148158.32,1
57832.93,259223.68,5,45,51798.87,1
43496.41,160607.07,4,24,126126.65,0
32406.71,117708.19,3,33,123226.34,0
43318.63,170384.02,2,18,112504.14,0
63850.8,225362.83,7,22,147120.92,0
59682.12,184162.81,8,21,185826.1,0
47156.74,102693.75,9,23,235942.04,0
60147.21,281321.71,6,51,29381.04,1
48486.81,146364.01,7,26,176196.8,0
60820.43,240646.89,8,44,97782.68,0
35832.5,141280.22,1,22,111665.21,0
30731.3,127296.17,1,28,100762.17,0
38319.99,84619.93,7,26,210520.11,0
66311.49,198625.74,10,18,203516.85,0
62358.34,264715.01,10,63,63033.66,1
30359.45,65319.03,6,30,192149.86,0
60138.83,190953.89,8,21,178194.52,0
25450.11,100344.38,1,33,109187.97,0
52930.85,190585.36,5,21,136582.56,0
66852.08,231238.55,8,20,156409.58,0
64295.43,213594.01,7,12,171614.07,1
50741.63,178846.08,5,23,141147.4,0
56610.77,205230.69,6,24,134639.02,0
52229.92,196879.98,2,9,127565.7,0
56521.56,239030.64,7,46,74378.69,0
56896.77,158871.89,9,22,207769.66,0
18827.71,76956.31,1,41,103026.79,0
55727.63,177576.6,6,15,174963.93,1
46225.11,135377.28,7,26,179745.41,0
67672.17,199548.92,8,2,216414.47,1
50908.23,191536.49,3,13,126644.8,0
31887.14,146056.53,-2,13,84841.65,0
